file	index	name	property	eval_kind	computed	measured	stored_error_pct	recomputed_error_pct	aware_kind	aware_effective	within_display	within_literature
anthropology_extension_benchmark.json	151	Mean_dependency_length_EN			2.40001358369048	2.3	0.0005659871035364658	4.348416682194786	uncertainty_band	0.0	False	True
breakthrough_fusion_spine_benchmark.json	5	QCE_blobs	filament_active_frac_under_phi_m4	live_formula	0.14589803375031543	0.05	0.0	191.79606750063084	display_precision	191.79606750063084	False	False
cold_fusion_lab_synthesis_crosswalk_benchmark.json	41	heavy_ion_lab_synthesis	source_pooled_residual	live_formula	9.5e-05	0.0	9.5e-05	100.0	display_precision	0.0	True	True
cosmology_bubble_bleed_benchmark.json	103	FRB20121102A	frb_p34_periodicity		0.001	0.000980392156862745	0.0	2.0000000000000036	uncertainty_band	0.0	False	True
cosmology_bubble_bleed_benchmark.json	104	FRB20200929C	frb_p34_periodicity		0.001	0.0010204081632653062	0.0	2.0000000000000067	uncertainty_band	0.0	False	True
cosmology_bubble_bleed_benchmark.json	106	FRB20201124A	frb_p34_periodicity		0.001	0.0010050251256281408	0.0	0.500000000000008	uncertainty_band	0.0	False	True
creative_arts_math_spine_benchmark.json	11	Mean_dependency_length_EN	observable	creative_relay	2.40001358369048	2.3	0.0005659871035364658	4.348416682194786	uncertainty_band	0.0	False	True
dark_sector_open_problems_benchmark.json	7	tau_reion	reionization_optical_depth		0.05439655350230806	0.0561	0.006335	3.036446519949971	uncertainty_band	0.0	False	True
dark_sector_open_problems_benchmark.json	8	D_H_ratio	deuterium_abundance		2.5446825859417006e-05	2.527e-05	0.090986	0.6997461789355196	uncertainty_band	0.0	False	True
engineering_hardware_code_spine_benchmark.json	0	esp32_platform_engineering_panel_benchmark	source_pooled_residual	live_formula	0.020755	0.0	0.020755	100.0	display_precision	0.0	True	True
engineering_hardware_code_spine_benchmark.json	18	tier_96_circuit_spine_benchmark	source_pooled_residual	live_formula	0.015583023735736914	0.0	0.015583023735736914	100.0	display_precision	0.0	True	True
engineering_hardware_code_spine_benchmark.json	27	schematic_netlist_intrinsic_panel_benchmark	source_pooled_residual	live_formula	0.020755	0.0	0.020755	100.0	display_precision	0.0	True	True
engineering_hardware_code_spine_benchmark.json	84	bus_coherence	active_speaker_frac_under_phi_m4	live_formula	0.14589803375031543	0.008858714285714286	0.0	1546.9436652403735	display_precision	1546.9436652403735	False	False
formula_corpus_closure_benchmark.json	3	Acoustic_Resonance_Materials	domain_pooled_residual	live_formula	0.008381497018411083	0.0	0.008381497018411083	100.0	display_precision	0.0	True	True
formula_corpus_closure_benchmark.json	4	Actuarial_Science_Panel	domain_pooled_residual	live_formula	0.02261	0.0	0.02261	100.0	display_precision	0.0	True	True
formula_corpus_closure_benchmark.json	5	Adjacent_Rung_Coupling	domain_pooled_residual	live_formula	0.020098237848404983	0.0	0.020098237848404983	100.0	display_precision	0.0	True	True
formula_corpus_closure_benchmark.json	7	Agriculture_Agroecology	domain_pooled_residual	live_formula	0.018019024892929635	0.0	0.018019024892929635	100.0	display_precision	0.0	True	True
formula_corpus_closure_benchmark.json	8	AI_Galactic_Orbital_Bridge	domain_pooled_residual	live_formula	0.005168558627177688	0.0	0.005168558627177688	100.0	display_precision	0.0	True	True
formula_corpus_closure_benchmark.json	9	Alternate_Base_Mathematics_Explorer_Panel	domain_pooled_residual	live_formula	0.009504	0.0	0.009504	100.0	display_precision	0.0	True	True
formula_corpus_closure_benchmark.json	10	Alternate_Base_Mathematics_Spine	domain_pooled_residual	live_formula	0.004184779870129773	0.0	0.004184779870129773	100.0	display_precision	0.0	True	True
formula_corpus_closure_benchmark.json	11	Anthropology	domain_pooled_residual	live_formula	0.019504399572476606	0.0	0.019504399572476606	100.0	display_precision	0.0	True	True
formula_corpus_closure_benchmark.json	12	Architecture_Building_Science	domain_pooled_residual	live_formula	0.07869745016115058	0.0	0.07869745016115058	100.0	display_precision	0.0	True	True
formula_corpus_closure_benchmark.json	13	Arxiv_Brain_Knowledge_Panel	domain_pooled_residual	live_formula	0.018003	0.0	0.018003	100.0	display_precision	0.0	True	True
formula_corpus_closure_benchmark.json	14	Arxiv_Gravitational_Waves_Panel	domain_pooled_residual	live_formula	0.01748	0.0	0.01748	100.0	display_precision	0.0	True	True
formula_corpus_closure_benchmark.json	15	Arxiv_Primitives_Panel	domain_pooled_residual	live_formula	0.031506	0.0	0.031506	100.0	display_precision	0.0	True	True
formula_corpus_closure_benchmark.json	19	Atomic_Physics	domain_pooled_residual	live_formula	0.0009504134401195552	0.0	0.0009504134401195552	100.0	display_precision	0.0	True	True
formula_corpus_closure_benchmark.json	20	Bibliography_Corpus_Panel	domain_pooled_residual	live_formula	0.013294	0.0	0.013294	100.0	display_precision	0.0	True	True
formula_corpus_closure_benchmark.json	21	Bibliography_Lean_Corpus	domain_pooled_residual	live_formula	0.020055	0.0	0.020055	100.0	display_precision	0.0	True	True
formula_corpus_closure_benchmark.json	22	Binary_Decoder_Panel	domain_pooled_residual	live_formula	0.008488	0.0	0.008488	100.0	display_precision	0.0	True	True
formula_corpus_closure_benchmark.json	23	Binary_Decoder_Rendlesham	domain_pooled_residual	live_formula	0.004504756223217969	0.0	0.004504756223217969	100.0	display_precision	0.0	True	True
formula_corpus_closure_benchmark.json	25	Biology_Developmental_Structural_Depth_Panel	domain_pooled_residual	live_formula	0.022236	0.0	0.022236	100.0	display_precision	0.0	True	True
formula_corpus_closure_benchmark.json	27	BlackHole_WhiteHole_Cycle_Live_Panel	domain_pooled_residual	live_formula	0.026472	0.0	0.026472	100.0	display_precision	0.0	True	True
formula_corpus_closure_benchmark.json	28	Botany	domain_pooled_residual	live_formula	0.022236250385193387	0.0	0.022236250385193387	100.0	display_precision	0.0	True	True
formula_corpus_closure_benchmark.json	29	Boundary_Partition_Tightening	domain_pooled_residual	live_formula	0.017672674984670764	0.0	0.017672674984670764	100.0	display_precision	0.0	True	True
formula_corpus_closure_benchmark.json	31	Canonical_Oracle_Panel	domain_pooled_residual	live_formula	0.013294	0.0	0.013294	100.0	display_precision	0.0	True	True
formula_corpus_closure_benchmark.json	32	Cardiology	domain_pooled_residual	live_formula	0.030622122938654326	0.0	0.030622122938654326	100.0	display_precision	0.0	True	True
formula_corpus_closure_benchmark.json	33	Cardiology_Panel	domain_pooled_residual	live_formula	0.015311	0.0	0.015311	100.0	display_precision	0.0	True	True
formula_corpus_closure_benchmark.json	34	Cartography_GIS_Panel	domain_pooled_residual	live_formula	0.018855999999999998	0.0	0.018855999999999998	100.0	display_precision	0.0	True	True
formula_corpus_closure_benchmark.json	35	CERN_Open_Data_LHC	domain_pooled_residual	live_formula	0.013294	0.0	0.013294	100.0	display_precision	0.0	True	True
formula_corpus_closure_benchmark.json	36	Certified_Agent_Formal_Panel	domain_pooled_residual	live_formula	0.014767	0.0	0.014767	100.0	display_precision	0.0	True	True
formula_corpus_closure_benchmark.json	37	Certified_Agent_Qwen	domain_pooled_residual	live_formula	0.004504756223217969	0.0	0.004504756223217969	100.0	display_precision	0.0	True	True
formula_corpus_closure_benchmark.json	38	Chaos_Mediated_Phase_Transitions	domain_pooled_residual	live_formula	0.03147898006445882	0.0	0.03147898006445882	100.0	display_precision	0.0	True	True
formula_corpus_closure_benchmark.json	39	Chemical_Engineering	domain_pooled_residual	live_formula	0.0010333425185953097	0.0	0.0010333425185953097	100.0	display_precision	0.0	True	True
formula_corpus_closure_benchmark.json	40	Chemical_Structure_Stability_Panel	domain_pooled_residual	live_formula	0.00206	0.0	0.00206	100.0	display_precision	0.0	True	True
formula_corpus_closure_benchmark.json	41	Circuit_Component_Emergence_Panel	domain_pooled_residual	live_formula	0.051887	0.0	0.051887	100.0	display_precision	0.0	True	True
formula_corpus_closure_benchmark.json	42	Civil_Engineering	domain_pooled_residual	live_formula	0.0335259880736416	0.0	0.0335259880736416	100.0	display_precision	0.0	True	True
formula_corpus_closure_benchmark.json	43	Civil_Engineering_Panel	domain_pooled_residual	live_formula	0.01341	0.0	0.01341	100.0	display_precision	0.0	True	True
formula_corpus_closure_benchmark.json	45	Clinical_Medicine	domain_pooled_residual	live_formula	0.002458296751538192	0.0	0.002458296751538192	100.0	display_precision	0.0	True	True
formula_corpus_closure_benchmark.json	51	Compactification_Ladder	domain_pooled_residual	live_formula	0.0220747159758794	0.0	0.0220747159758794	100.0	display_precision	0.0	True	True
formula_corpus_closure_benchmark.json	52	Complexity_Folding_Emergence_Panel	domain_pooled_residual	live_formula	0.02658792169940266	0.0	0.02658792169940266	100.0	display_precision	0.0	True	True
formula_corpus_closure_benchmark.json	54	Condensed_Matter_Superconductivity_Depth_Panel	domain_pooled_residual	live_formula	0.033841	0.0	0.033841	100.0	display_precision	0.0	True	True
formula_corpus_closure_benchmark.json	55	Consciousness_Econ	domain_pooled_residual	live_formula	0.008898	0.0	0.008898	100.0	display_precision	0.0	True	True
formula_corpus_closure_benchmark.json	56	Consciousness_Expansion_Spine	domain_pooled_residual	live_formula	0.008488	0.0	0.008488	100.0	display_precision	0.0	True	True
formula_corpus_closure_benchmark.json	57	Consciousness_Galactic_Orbital_Bridge	domain_pooled_residual	live_formula	0.036757197413939124	0.0	0.036757197413939124	100.0	display_precision	0.0	True	True
formula_corpus_closure_benchmark.json	58	Consciousness_Genetics_Coupling_Panel	domain_pooled_residual	live_formula	0.031506	0.0	0.031506	100.0	display_precision	0.0	True	True
formula_corpus_closure_benchmark.json	59	Consciousness_Genetics_Species_Panel	domain_pooled_residual	live_formula	0.022236	0.0	0.022236	100.0	display_precision	0.0	True	True
formula_corpus_closure_benchmark.json	60	Consciousness_Lean_Route_Credibility	domain_pooled_residual	live_formula	0.013342	0.0	0.013342	100.0	display_precision	0.0	True	True
formula_corpus_closure_benchmark.json	62	Consciousness_Species_Multi_Panel	domain_pooled_residual	live_formula	0.0201195	0.0	0.0201195	100.0	display_precision	0.0	True	True
formula_corpus_closure_benchmark.json	63	Cosmology_Anomalies	domain_pooled_residual	live_formula	0.024602	0.0	0.024602	100.0	display_precision	0.0	True	True
formula_corpus_closure_benchmark.json	64	Cosmology_Anomaly_Deep_Panel	domain_pooled_residual	live_formula	0.029733	0.0	0.029733	100.0	display_precision	0.0	True	True
formula_corpus_closure_benchmark.json	66	cosmology_extended_benchmark	domain_pooled_residual	live_formula	0.021954848848277954	0.0	0.021954848848277954	100.0	display_precision	0.0	True	True
formula_corpus_closure_benchmark.json	67	CRC_Handbook_Properties	domain_pooled_residual	live_formula	0.026922	0.0	0.026922	100.0	display_precision	0.0	True	True
formula_corpus_closure_benchmark.json	69	Crossref_Scholarly_Panel	domain_pooled_residual	live_formula	0.01382	0.0	0.01382	100.0	display_precision	0.0	True	True
formula_corpus_closure_benchmark.json	71	Cryptography_Technology	domain_pooled_residual	live_formula	0.047520672006218234	0.0	0.047520672006218234	100.0	display_precision	0.0	True	True
formula_corpus_closure_benchmark.json	72	culinary_arts_benchmark	domain_pooled_residual	live_formula	0.047615187057821064	0.0	0.047615187057821064	100.0	display_precision	0.0	True	True
formula_corpus_closure_benchmark.json	73	Culinary_Fermentation_Maillard_Panel	domain_pooled_residual	live_formula	0.040788	0.0	0.040788	100.0	display_precision	0.0	True	True
formula_corpus_closure_benchmark.json	74	CVE_Codon_Hole_Falsification	domain_pooled_residual	live_formula	0.009186636881580057	0.0	0.009186636881580057	100.0	display_precision	0.0	True	True
formula_corpus_closure_benchmark.json	75	Dark_Energy_CPL	domain_pooled_residual	live_formula	0.029733	0.0	0.029733	100.0	display_precision	0.0	True	True
formula_corpus_closure_benchmark.json	76	Dark_Sector_Open_Problems	domain_pooled_residual	live_formula	0.01529034996934153	0.0	0.01529034996934153	100.0	display_precision	0.0	True	True
formula_corpus_closure_benchmark.json	77	DESI_wa_Constraint	domain_pooled_residual	live_formula	0.027667499999999998	0.0	0.027667499999999998	100.0	display_precision	0.0	True	True
formula_corpus_closure_benchmark.json	79	Desktop_Observer_Loop_Panel	domain_pooled_residual	live_formula	0.0004905	0.0	0.0004905	100.0	display_precision	0.0	True	True
formula_corpus_closure_benchmark.json	81	Distant_Island_Z128_Z132_Deep_Panel	domain_pooled_residual	live_formula	1e-06	0.0	1e-06	100.0	display_precision	0.0	True	True
formula_corpus_closure_benchmark.json	84	Domain_Orbital_Predictions	domain_pooled_residual	live_formula	0.01529034996934153	0.0	0.01529034996934153	100.0	display_precision	0.0	True	True
formula_corpus_closure_benchmark.json	85	Early_Lean_MC_Panel	domain_pooled_residual	live_formula	0.014767	0.0	0.014767	100.0	display_precision	0.0	True	True
formula_corpus_closure_benchmark.json	87	Ecology	domain_pooled_residual	live_formula	0.017789000308164125	0.0	0.017789000308164125	100.0	display_precision	0.0	True	True
formula_corpus_closure_benchmark.json	88	Econometrics	domain_pooled_residual	live_formula	0.12920090413715177	0.0	0.12920090413715177	100.0	display_precision	0.0	True	True
formula_corpus_closure_benchmark.json	89	Economics	domain_pooled_residual	live_formula	0.1292009041371501	0.0	0.1292009041371501	100.0	display_precision	0.0	True	True
formula_corpus_closure_benchmark.json	91	Electrical_Power_Systems	domain_pooled_residual	live_formula	0.015583023735736914	0.0	0.015583023735736914	100.0	display_precision	0.0	True	True
formula_corpus_closure_benchmark.json	92	Element_Synthesis_Condition_Scaffold	domain_pooled_residual	live_formula	0.000787	0.0	0.000787	100.0	display_precision	0.0	True	True
formula_corpus_closure_benchmark.json	94	Energy_AI_Orbital_Bridge	domain_pooled_residual	live_formula	0.027544107556407217	0.0	0.027544107556407217	100.0	display_precision	0.0	True	True
formula_corpus_closure_benchmark.json	95	Energy_Lean_Route_Credibility	domain_pooled_residual	live_formula	0.0019315	0.0	0.0019315	100.0	display_precision	0.0	True	True
formula_corpus_closure_benchmark.json	96	Energy_Neural_Orbital_Bridge	domain_pooled_residual	live_formula	0.018002668701796887	0.0	0.018002668701796887	100.0	display_precision	0.0	True	True
formula_corpus_closure_benchmark.json	97	Entomology	domain_pooled_residual	live_formula	0.022236250385189223	0.0	0.022236250385189223	100.0	display_precision	0.0	True	True
formula_corpus_closure_benchmark.json	98	Entomology_Panel	domain_pooled_residual	live_formula	0.006006	0.0	0.006006	100.0	display_precision	0.0	True	True
formula_corpus_closure_benchmark.json	100	Epidemiology	domain_pooled_residual	live_formula	0.03062212293865052	0.0	0.03062212293865052	100.0	display_precision	0.0	True	True
formula_corpus_closure_benchmark.json	101	Epidemiology_Panel	domain_pooled_residual	live_formula	0.015311	0.0	0.015311	100.0	display_precision	0.0	True	True
formula_corpus_closure_benchmark.json	102	Ethology_Panel	domain_pooled_residual	live_formula	0.006607	0.0	0.006607	100.0	display_precision	0.0	True	True
formula_corpus_closure_benchmark.json	103	Existence_Simulation_Refinement_Panel	domain_pooled_residual	live_formula	0.0141195	0.0	0.0141195	100.0	display_precision	0.0	True	True
formula_corpus_closure_benchmark.json	105	Exogeology_Panel	domain_pooled_residual	live_formula	0.026472	0.0	0.026472	100.0	display_precision	0.0	True	True
formula_corpus_closure_benchmark.json	107	Experimental_Base_Mathematics_Panel	domain_pooled_residual	live_formula	0.009504	0.0	0.009504	100.0	display_precision	0.0	True	True
formula_corpus_closure_benchmark.json	109	Federal_Science_Registry_Panel	domain_pooled_residual	live_formula	0.013352	0.0	0.013352	100.0	display_precision	0.0	True	True
formula_corpus_closure_benchmark.json	110	Finance_Markets	domain_pooled_residual	live_formula	0.025840180827433133	0.0	0.025840180827433133	100.0	display_precision	0.0	True	True
formula_corpus_closure_benchmark.json	111	Finance_Markets_Panel	domain_pooled_residual	live_formula	0.02584	0.0	0.02584	100.0	display_precision	0.0	True	True
formula_corpus_closure_benchmark.json	113	Fluid_Phase_Current_Spine	domain_pooled_residual	live_formula	0.009504	0.0	0.009504	100.0	display_precision	0.0	True	True
formula_corpus_closure_benchmark.json	114	Fluid_Spacetime_Observable_Spine	domain_pooled_residual	live_formula	0.000595	0.0	0.000595	100.0	display_precision	0.0	True	True
formula_corpus_closure_benchmark.json	116	Fold_Depth_Metrics	domain_pooled_residual	live_formula	0.025753835305195434	0.0	0.025753835305195434	100.0	display_precision	0.0	True	True
formula_corpus_closure_benchmark.json	117	Food_Microbiology	domain_pooled_residual	live_formula	0.04447250077037743	0.0	0.04447250077037743	100.0	display_precision	0.0	True	True
formula_corpus_closure_benchmark.json	118	Formula_Branching_Fractal	domain_pooled_residual	live_formula	0.038016537604979236	0.0	0.038016537604979236	100.0	display_precision	0.0	True	True
formula_corpus_closure_benchmark.json	120	Formula_Corpus_CNC	domain_pooled_residual	live_formula	0.020055	0.0	0.020055	100.0	display_precision	0.0	True	True
formula_corpus_closure_benchmark.json	122	Foundational_Ontology_Spine	domain_pooled_residual	live_formula	0.009504	0.0	0.009504	100.0	display_precision	0.0	True	True
formula_corpus_closure_benchmark.json	123	Founding_Atmospheric_Ozone_Panel	domain_pooled_residual	live_formula	0.022236	0.0	0.022236	100.0	display_precision	0.0	True	True
formula_corpus_closure_benchmark.json	124	Founding_Cosmic_Dust_Panel	domain_pooled_residual	live_formula	0.026675	0.0	0.026675	100.0	display_precision	0.0	True	True
formula_corpus_closure_benchmark.json	125	Founding_Cosmic_Ray_Panel	domain_pooled_residual	live_formula	0.021221	0.0	0.021221	100.0	display_precision	0.0	True	True
formula_corpus_closure_benchmark.json	126	Founding_Galactic_Halo_Rotation_Panel	domain_pooled_residual	live_formula	0.022461	0.0	0.022461	100.0	display_precision	0.0	True	True
formula_corpus_closure_benchmark.json	127	Founding_Pulsar_Glitch_Panel	domain_pooled_residual	live_formula	0.022461	0.0	0.022461	100.0	display_precision	0.0	True	True
formula_corpus_closure_benchmark.json	128	Founding_Quantum_Vacuum_Panel	domain_pooled_residual	live_formula	0.01529034996934153	0.0	0.01529034996934153	100.0	display_precision	0.0	True	True
formula_corpus_closure_benchmark.json	129	Founding_White_Dwarf_Cooling_Panel	domain_pooled_residual	live_formula	0.022461	0.0	0.022461	100.0	display_precision	0.0	True	True
formula_corpus_closure_benchmark.json	130	FPC_Fluidlink_Timing_Deep_Panel	domain_pooled_residual	live_formula	0.021117999999999998	0.0	0.021117999999999998	100.0	display_precision	0.0	True	True
formula_corpus_closure_benchmark.json	131	FPC_Temporal_Coupling	domain_pooled_residual	live_formula	0.0310845	0.0	0.0310845	100.0	display_precision	0.0	True	True
formula_corpus_closure_benchmark.json	136	Fuel_Lab_Live_Panel	domain_pooled_residual	live_formula	0.039349	0.0	0.039349	100.0	display_precision	0.0	True	True
formula_corpus_closure_benchmark.json	140	Fusion_Lean_Route_Credibility	domain_pooled_residual	live_formula	9.5e-05	0.0	9.5e-05	100.0	display_precision	0.0	True	True
formula_corpus_closure_benchmark.json	141	Fusion_Physics_Public_Panel	domain_pooled_residual	live_formula	9.5e-05	0.0	9.5e-05	100.0	display_precision	0.0	True	True
formula_corpus_closure_benchmark.json	142	Gaia_Astrometry_Panel_Deep	domain_pooled_residual	live_formula	0.022461	0.0	0.022461	100.0	display_precision	0.0	True	True
formula_corpus_closure_benchmark.json	143	Gaia_DR3_TAP_Deep	domain_pooled_residual	live_formula	0.022461	0.0	0.022461	100.0	display_precision	0.0	True	True
formula_corpus_closure_benchmark.json	145	GBIF_Species_Occurrence	domain_pooled_residual	live_formula	0.006006	0.0	0.006006	100.0	display_precision	0.0	True	True
formula_corpus_closure_benchmark.json	147	geochemistry_benchmark	domain_pooled_residual	live_formula	0.006625234573930708	0.0	0.006625234573930708	100.0	display_precision	0.0	True	True
formula_corpus_closure_benchmark.json	152	GWOSC_Live_Event_Deep	domain_pooled_residual	live_formula	0.008488	0.0	0.008488	100.0	display_precision	0.0	True	True
formula_corpus_closure_benchmark.json	153	h0_planck_benchmark	domain_pooled_residual	live_formula	0.08243667961587486	0.0	0.08243667961587486	100.0	display_precision	0.0	True	True
formula_corpus_closure_benchmark.json	154	Heavy_Ion_Lab_Synthesis_Panel	domain_pooled_residual	live_formula	9.5e-05	0.0	9.5e-05	100.0	display_precision	0.0	True	True
formula_corpus_closure_benchmark.json	155	higgs_branching_benchmark	domain_pooled_residual	live_formula	0.03711124585172393	0.0	0.03711124585172393	100.0	display_precision	0.0	True	True
formula_corpus_closure_benchmark.json	156	higgs_mass_benchmark	domain_pooled_residual	live_formula	0.018987449514135373	0.0	0.018987449514135373	100.0	display_precision	0.0	True	True
formula_corpus_closure_benchmark.json	157	History	domain_pooled_residual	live_formula	0.019504399572477397	0.0	0.019504399572477397	100.0	display_precision	0.0	True	True
formula_corpus_closure_benchmark.json	158	History_Panel	domain_pooled_residual	live_formula	0.01382	0.0	0.01382	100.0	display_precision	0.0	True	True
formula_corpus_closure_benchmark.json	160	Hubble_Dark_Sector_Crosswalk	domain_pooled_residual	live_formula	0.009407	0.0	0.009407	100.0	display_precision	0.0	True	True
formula_corpus_closure_benchmark.json	161	HVAC_Thermal_Systems	domain_pooled_residual	live_formula	0.017836062884411003	0.0	0.017836062884411003	100.0	display_precision	0.0	True	True
formula_corpus_closure_benchmark.json	163	Hybrid_FI_Sim_Stratum_Deep_Panel	domain_pooled_residual	live_formula	0.018003	0.0	0.018003	100.0	display_precision	0.0	True	True
formula_corpus_closure_benchmark.json	166	IGEM_Parts_Expanded	domain_pooled_residual	live_formula	5.882356401581393e-05	0.0	5.882356401581393e-05	100.0	display_precision	0.0	True	True
formula_corpus_closure_benchmark.json	167	igem_synthetic_biology_benchmark	domain_pooled_residual	live_formula	0.022236250385203583	0.0	0.022236250385203583	100.0	display_precision	0.0	True	True
formula_corpus_closure_benchmark.json	168	immunology_benchmark	domain_pooled_residual	live_formula	0.061205	0.0	0.061205	100.0	display_precision	0.0	True	True
formula_corpus_closure_benchmark.json	169	Immunology_Panel	domain_pooled_residual	live_formula	0.040788	0.0	0.040788	100.0	display_precision	0.0	True	True
formula_corpus_closure_benchmark.json	170	iNaturalist_Observation_Panel	domain_pooled_residual	live_formula	0.006006	0.0	0.006006	100.0	display_precision	0.0	True	True
formula_corpus_closure_benchmark.json	171	Inertial_Confinement_Fusion_Panel	domain_pooled_residual	live_formula	7.9e-05	0.0	7.9e-05	100.0	display_precision	0.0	True	True
formula_corpus_closure_benchmark.json	174	intelligence_compression_benchmark	domain_pooled_residual	live_formula	0.029066672228905688	0.0	0.029066672228905688	100.0	display_precision	0.0	True	True
formula_corpus_closure_benchmark.json	180	Knowledge_Base_Portable_Bundle_Panel	domain_pooled_residual	live_formula	0.0020923899350648867	0.0	0.0020923899350648867	100.0	display_precision	0.0	True	True
formula_corpus_closure_benchmark.json	181	Lab_Synthesis_Metamaterial_Spine	domain_pooled_residual	live_formula	3.4e-05	0.0	3.4e-05	100.0	display_precision	0.0	True	True
formula_corpus_closure_benchmark.json	182	Law_Policy	domain_pooled_residual	live_formula	0.019504399572479934	0.0	0.019504399572479934	100.0	display_precision	0.0	True	True
formula_corpus_closure_benchmark.json	183	Law_Policy_Panel	domain_pooled_residual	live_formula	0.013003	0.0	0.013003	100.0	display_precision	0.0	True	True
formula_corpus_closure_benchmark.json	184	Limnology_Panel	domain_pooled_residual	live_formula	0.030173	0.0	0.030173	100.0	display_precision	0.0	True	True
formula_corpus_closure_benchmark.json	185	Linguistics_Formal	domain_pooled_residual	live_formula	0.022236	0.0	0.022236	100.0	display_precision	0.0	True	True
formula_corpus_closure_benchmark.json	188	Living_FSOT_Hardware_Panel	domain_pooled_residual	live_formula	0.031506	0.0	0.031506	100.0	display_precision	0.0	True	True
formula_corpus_closure_benchmark.json	189	Longevity_AnAge_Catalog_Panel	domain_pooled_residual	live_formula	0.022236	0.0	0.022236	100.0	display_precision	0.0	True	True
formula_corpus_closure_benchmark.json	190	Longevity_Consciousness_Coupling_Panel	domain_pooled_residual	live_formula	0.022424	0.0	0.022424	100.0	display_precision	0.0	True	True
formula_corpus_closure_benchmark.json	191	Longevity_Extreme_Species_Panel	domain_pooled_residual	live_formula	0.017789	0.0	0.017789	100.0	display_precision	0.0	True	True
formula_corpus_closure_benchmark.json	192	Longevity_Genetic_Mechanics_Panel	domain_pooled_residual	live_formula	0.022236	0.0	0.022236	100.0	display_precision	0.0	True	True
formula_corpus_closure_benchmark.json	193	Longevity_MegaDeep_NCBI_Panel	domain_pooled_residual	live_formula	0.017789	0.0	0.017789	100.0	display_precision	0.0	True	True
formula_corpus_closure_benchmark.json	194	Longevity_Telomere_Repair_Panel	domain_pooled_residual	live_formula	0.022236	0.0	0.022236	100.0	display_precision	0.0	True	True
formula_corpus_closure_benchmark.json	195	Machine_And_Molecule_Live_Panel	domain_pooled_residual	live_formula	0.01341	0.0	0.01341	100.0	display_precision	0.0	True	True
formula_corpus_closure_benchmark.json	199	Maillard_Chemistry	domain_pooled_residual	live_formula	0.09443694019339477	0.0	0.09443694019339477	100.0	display_precision	0.0	True	True
formula_corpus_closure_benchmark.json	200	Malware_Threat_Intelligence	domain_pooled_residual	live_formula	0.04593318440797134	0.0	0.04593318440797134	100.0	display_precision	0.0	True	True
formula_corpus_closure_benchmark.json	201	Marine_Biology	domain_pooled_residual	live_formula	0.022236250385192644	0.0	0.022236250385192644	100.0	display_precision	0.0	True	True
formula_corpus_closure_benchmark.json	202	Marine_Biology_Panel	domain_pooled_residual	live_formula	0.006006	0.0	0.006006	100.0	display_precision	0.0	True	True
founding_cosmic_dust_panel_benchmark.json	5	A_V_over_N_H	dust_extinction_per_H	literature_anchor	0.0	5.3e-22	0.0	100.0	display_precision	0.0	True	True
founding_galactic_halo_rotation_panel_benchmark.json	12	mond_a0	mond_acceleration	literature_anchor	1e-10	1.2e-10	0.025123	16.666666666666664	display_precision	0.0	True	True
founding_quantum_vacuum_panel_benchmark.json	2	zero_point_energy_density_gev4	vacuum_energy_density	literature_anchor	0.0	2.5e-47	0.0	100.0	display_precision	0.0	True	True
founding_quantum_vacuum_panel_benchmark.json	13	planck_rho_vac_kg_m3	vacuum_energy_density	literature_anchor	0.0	5.96e-27	0.0	100.0	display_precision	0.0	True	True
founding_quantum_vacuum_panel_benchmark.json	14	codata_hbar	reduced_planck	literature_anchor	0.0	1.054571817e-34	0.0	100.0	display_precision	0.0	True	True
fsot_cache_hierarchy_panel_benchmark.json	8	cache_locality	working_set_a_frac_under_phi_m4	live_formula	0.14589803375031543	0.022809709821428572	0.0	539.6312574448079	uncertainty_band	539.6312574448079	False	False
fsot_gpu_cuda_competitive_panel_benchmark.json	14	beat_cuda_A_frac	mean_active_key_frac_under_phi_m4	live_formula	0.14589803375031543	0.017955555555555558	0.0	712.550930540123	display_precision	712.550930540123	False	False
fsot_gpu_engineering_spine_benchmark.json	26	esp32_platform_engineering_panel_benchmark	source_pooled_residual	live_formula	0.020755	0.0	0.020755	100.0	display_precision	0.0	True	True
fsot_hardware_depth_spine_benchmark.json	9	cache_locality	working_set_a_frac_under_phi_m4	live_formula	0.14589803375031543	0.022809709821428572	0.0	539.6312574448079	uncertainty_band	539.6312574448079	False	False
fsot_hardware_depth_spine_benchmark.json	54	bus_coherence	active_speaker_frac_under_phi_m4	live_formula	0.14589803375031543	0.008858714285714286	0.0	1546.9436652403735	display_precision	1546.9436652403735	False	False
fsot_hardware_depth_spine_benchmark.json	106	processor_work_W_eq_H_S_A_D	active_work_frac_under_phi_m4	live_formula	0.14589803375031543	0.017955555555555558	0.0	712.550930540123	display_precision	712.550930540123	False	False
fsot_hardware_depth_spine_benchmark.json	107	processor_speedup_times_A_frac	work_reduction_efficiency_le_1	live_formula	1.0	0.33360055555555557	0.0	199.75969264639514	display_precision	199.75969264639514	False	False
fsot_hardware_depth_spine_benchmark.json	148	host_system_ram	host_ram_class_pow2_gib	live_formula	32.0	31.593482971191406	0.0	1.2867116587913947	display_precision	1.2867116587913947	False	False
fsot_interconnect_coherence_panel_benchmark.json	4	bus_coherence	active_speaker_frac_under_phi_m4	live_formula	0.14589803375031543	0.008858714285714286	0.0	1546.9436652403735	display_precision	1546.9436652403735	False	False
fsot_processor_function_panel_benchmark.json	8	processor_work_W_eq_H_S_A_D	active_work_frac_under_phi_m4	live_formula	0.14589803375031543	0.017955555555555558	0.0	712.550930540123	display_precision	712.550930540123	False	False
fsot_processor_function_panel_benchmark.json	9	processor_speedup_times_A_frac	work_reduction_efficiency_le_1	live_formula	1.0	0.33360055555555557	0.0	199.75969264639514	display_precision	199.75969264639514	False	False
fsot_ram_function_panel_benchmark.json	30	host_system_ram	host_ram_class_pow2_gib	live_formula	32.0	31.593482971191406	0.0	1.2867116587913947	display_precision	1.2867116587913947	False	False
mpcorb_fsot_benchmark.json	0	catalog_kepler_median	kepler_mean_motion_vs_a	catalog_integrity_kepler	1.5876e-06	0.0	1.5876e-06	100.0	display_precision	0.0	True	True
mpcorb_fsot_benchmark.json	1	catalog_kepler_p95	kepler_p95	catalog_integrity_kepler_diagnostic	4.1106e-06	0.0	4.1106e-06	100.0	display_precision	0.0	True	True
planetary_atmospheres_benchmark.json	13	Europa:surface_pressure	surface_pressure		0.0	1e-12	0.0	100.0	display_precision	0.0	True	True
planetary_atmospheres_benchmark.json	15	Io:surface_pressure	surface_pressure		0.0	1e-08	0.0	100.0	display_precision	0.0	True	True
preregistered_predictions_benchmark.json	3	PRED-004	prediction_discriminant		0.0	2.49e-09	0.02009823784840666	100.0	display_precision	0.0	True	True
programming_language_laws_benchmark.json	61	Mean_dependency_length_EN	linguistics_formal_bridge		2.40001358369048	2.3	0.0005659871035364658	4.348416682194786	uncertainty_band	0.0	False	True
qce_elm_fusion_edge_panel_benchmark.json	4	QCE_blobs	filament_active_frac_under_phi_m4	live_formula	0.14589803375031543	0.05	0.0	191.79606750063084	display_precision	191.79606750063084	False	False
quantum_materials_benchmark.json	33	TMS	§19 NMR δ		6.533387724091077e-07	0.0	0.006533	100.0	display_precision	0.0	True	True
scientific_expansion_depth_spine_benchmark.json	17	pure_mathematics_panel	source_pooled_residual	live_formula	0.02584	0.0	0.02584	100.0	display_precision	0.0	True	True
scientific_expansion_depth_spine_benchmark.json	35	hybrid_fi_sim_stratum_deep_panel	source_pooled_residual	live_formula	0.018003	0.0	0.018003	100.0	display_precision	0.0	True	True
scientific_expansion_depth_spine_benchmark.json	53	culinary_fermentation_maillard_panel	source_pooled_residual	live_formula	0.040788	0.0	0.040788	100.0	display_precision	0.0	True	True
scientific_expansion_depth_spine_benchmark.json	71	materials_species_bridge_live_panel	source_pooled_residual	live_formula	0.01341	0.0	0.01341	100.0	display_precision	0.0	True	True
tier_96_circuit_spine_benchmark.json	9	C_10nF_X7R	capacitance_f	live_formula	0.0	1e-08	0.01341	100.0	display_precision	0.0	True	True
tier_96_circuit_spine_benchmark.json	10	C_100nF_X7R	capacitance_f	live_formula	0.0	1e-07	0.01341	100.0	display_precision	0.0	True	True
tier_96_circuit_spine_benchmark.json	13	C_100pF_C0G	capacitance_f	live_formula	0.0	1e-10	0.01341	100.0	display_precision	0.0	True	True
tier_96_circuit_spine_benchmark.json	17	Circuit_Component_Emergence_Panel	source_pooled_residual	live_formula	0.020755	0.0	0.020755	100.0	display_precision	0.0	True	True
tier_96_circuit_spine_benchmark.json	23	RC_22R_100nF	rc_tau_s	live_formula	2e-06	2.2e-06	0.020755	9.090909090909099	display_precision	0.0	True	True
tier_96_circuit_spine_benchmark.json	27	Schematic_Netlist_Intrinsic_Panel	source_pooled_residual	live_formula	0.020755	0.0	0.020755	100.0	display_precision	0.0	True	True
tier_96_circuit_spine_benchmark.json	28	Electrical_Power_Systems	source_pooled_residual	live_formula	0.015583023735736914	0.0	0.015583023735736914	100.0	display_precision	0.0	True	True
toe_dynamics_benchmark.json	11	euler_scalar_contracts	scalar_euler_contraction	dynamics_integration	0.08206345749386657	1.0	0.0	91.79365425061334	display_precision	91.79365425061334	False	False
