#id	route	record	value	unit	ref_key	central	sigma_minus	sigma_plus	ppm	z	pass_z<=1	rel_pct	pass_2pct	pin_target	historical_best	cause	source	refined_id	refined_value	refined_z	refined_pass_z<=1
alpha_inv	leaf	1	137.035999165943	1	alpha_inv	137.035999177	2.1e-08	2.1e-08	8.0688e-05	0.5265	PASS	8.0688e-09	PASS		hub 1f151ed3 2026-09-29 printed z=0.53	restored: hub seed leaf (2026-09-29) absent from the C++ port (H-01)	CODATA 2022 "inverse fine-structure constant" https://physics.nist.gov/cuu/Constants/Table/allascii.txt				
g_e	leaf	1	2.00231930436095	1	g_e_abs	2.00231930436092	3.6e-13	3.6e-13	1.26803e-08	0.07053	PASS	1.26803e-12	PASS		hub 69710678 2026-09-29 printed z=0.071	restored: hub seed leaf (2026-09-29) absent from the C++ port (H-01)	CODATA 2022 "electron g factor" https://physics.nist.gov/cuu/Constants/Table/allascii.txt				
m_e_kg	leaf	1	9.1093837124488e-31	kg	m_e_kg	9.1093837139e-31	2.8e-40	2.8e-40	0.000159309	0.5183	PASS	1.59309e-08	PASS		hub 6a2355a4 2026-09-29 printed z=0.518	restored: hub seed leaf (2026-09-29) absent from the C++ port (H-01)	CODATA 2022 "electron mass" https://physics.nist.gov/cuu/Constants/Table/allascii.txt				
R_inf	leaf	1	10973731.5681557	m^-1	R_inf	10973731.568157	1.2e-05	1.2e-05	1.19106e-07	0.1089	PASS	1.19106e-11	PASS		hub 6a2355a4 2026-09-29 printed z=0.108	restored: hub seed leaf (2026-09-29) absent from the C++ port (H-01)	CODATA 2022 "Rydberg constant" https://physics.nist.gov/cuu/Constants/Table/allascii.txt				
a_0	leaf	1	5.29177210586066e-11	m	a_0	5.29177210544e-11	8.2e-21	8.2e-21	7.94926e-05	0.513	PASS	7.94926e-09	PASS		hub 6a2355a4 2026-09-29 printed z=0.497	restored: hub seed leaf (2026-09-29) absent from the C++ port (H-01)	CODATA 2022 "Bohr radius" https://physics.nist.gov/cuu/Constants/Table/allascii.txt				
lambda_C	leaf	1	2.42631023576685e-12	m	lambda_C	2.42631023538e-12	7.6e-22	7.6e-22	0.000159439	0.509	PASS	1.59439e-08	PASS		hub 6a2355a4 2026-09-29 printed z=0.514	restored: hub seed leaf (2026-09-29) absent from the C++ port (H-01)	CODATA 2022 "Compton wavelength" https://physics.nist.gov/cuu/Constants/Table/allascii.txt				
r_e	leaf	1	2.81794032113517e-15	m	r_e	2.8179403205e-15	1.3e-24	1.3e-24	0.000225403	0.4886	PASS	2.25403e-08	PASS		hub 6a2355a4 2026-09-29 printed z=0.480	restored: hub seed leaf (2026-09-29) absent from the C++ port (H-01)	CODATA 2022 "classical electron radius" https://physics.nist.gov/cuu/Constants/Table/allascii.txt				
sigma_T	leaf	1	6.65245870823664e-29	m^2	sigma_T	6.6524587051e-29	6.2e-38	6.2e-38	0.000471501	0.5059	PASS	4.71501e-08	PASS		hub 6a2355a4 2026-09-29 printed z=0.507	restored: hub seed leaf (2026-09-29) absent from the C++ port (H-01)	CODATA 2022 "Thomson cross section" https://physics.nist.gov/cuu/Constants/Table/allascii.txt				
E_h	leaf	1	4.35974472220546e-18	J	E_h	4.359744722206e-18	4.8e-30	4.8e-30	1.24182e-07	0.1128	PASS	1.24182e-11	PASS		hub 6a2355a4 2026-09-29 printed z=0.113	restored: hub seed leaf (2026-09-29) absent from the C++ port (H-01)	CODATA 2022 "Hartree energy" https://physics.nist.gov/cuu/Constants/Table/allascii.txt				
mu_B	leaf	1	9.2740100672155e-24	J T^-1	mu_B	9.2740100657e-24	2.9e-33	2.9e-33	0.000163414	0.5226	PASS	1.63414e-08	PASS		hub 6a2355a4 2026-09-29 printed z=0.527	restored: hub seed leaf (2026-09-29) absent from the C++ port (H-01)	CODATA 2022 "Bohr magneton" https://physics.nist.gov/cuu/Constants/Table/allascii.txt				
m_p_over_m_e	leaf	1	1836.15267340501	1	m_p_over_m_e	1836.152673426	3.2e-08	3.2e-08	1.14332e-05	0.656	PASS	1.14332e-09	PASS		hub 85f78c34 2026-09-29 printed z=0.656	restored: hub seed leaf (2026-09-29) absent from the C++ port (H-01)	CODATA 2022 "proton-electron mass ratio" https://physics.nist.gov/cuu/Constants/Table/allascii.txt				
m_p_kg	leaf	1	1.67262192566849e-27	kg	m_p_kg	1.67262192595e-27	5.2e-37	5.2e-37	0.000168306	0.5414	PASS	1.68306e-08	PASS		hub 85f78c34 2026-09-29 printed z=0.541	restored: hub seed leaf (2026-09-29) absent from the C++ port (H-01)	CODATA 2022 "proton mass" https://physics.nist.gov/cuu/Constants/Table/allascii.txt				
mu_N	leaf	1	5.05078374012197e-27	J T^-1	mu_N	5.0507837393e-27	1.6e-36	1.6e-36	0.000162742	0.5137	PASS	1.62742e-08	PASS		hub 85f78c34 2026-09-29 printed z=0.514	restored: hub seed leaf (2026-09-29) absent from the C++ port (H-01)	CODATA 2022 "nuclear magneton" https://physics.nist.gov/cuu/Constants/Table/allascii.txt				
m_n_over_m_p	leaf	1	1.00137841948711	1	m_n_over_m_p	1.00137841946	4e-10	4e-10	2.70766e-05	0.06778	PASS	2.70766e-09	PASS		hub df369d55 2026-09-29 printed z=0.068	restored: hub seed leaf (2026-09-29) absent from the C++ port (H-01)	CODATA 2022 "neutron-proton mass ratio" https://physics.nist.gov/cuu/Constants/Table/allascii.txt				
m_n_kg	leaf	1	1.6749275003254e-27	kg	m_n_kg	1.67492750056e-27	8.5e-37	8.5e-37	0.000140064	0.276	PASS	1.40064e-08	PASS		hub df369d55 2026-09-29 printed z=0.276	restored: hub seed leaf (2026-09-29) absent from the C++ port (H-01)	CODATA 2022 "neutron mass" https://physics.nist.gov/cuu/Constants/Table/allascii.txt				
G_N	leaf	1	6.67430855062831e-11	m^3 kg^-1 s^-2	G_N	6.6743e-11	1.5e-15	1.5e-15	1.28113	0.057	PASS	0.000128113	PASS		hub f9289f0b 2026-09-29 printed z=0.057	restored: hub seed leaf (2026-09-29) absent from the C++ port (H-01)	CODATA 2022 "Newtonian constant of gravitation" https://physics.nist.gov/cuu/Constants/Table/allascii.txt				
g_p	leaf	1	5.5856946888715	1	g_p	5.5856946893	1.6e-09	1.6e-09	7.67142e-05	0.2678	PASS	7.67142e-09	PASS		hub 221a3562 2026-09-29 printed z=0.268	restored: hub seed leaf (2026-09-29) absent from the C++ port (H-01)	CODATA 2022 "proton g factor" https://physics.nist.gov/cuu/Constants/Table/allascii.txt				
m_mu_over_m_e	leaf	1	206.768281576289	1	m_mu_over_m_e	206.7682827	4.6e-06	4.6e-06	0.00543464	0.2443	PASS	5.43464e-07	PASS		hub 0f4882cc 2026-09-29 printed z=0.244	restored: hub seed leaf (2026-09-29) absent from the C++ port (H-01)	CODATA 2022 "muon-electron mass ratio" https://physics.nist.gov/cuu/Constants/Table/allascii.txt				
m_mu_kg	leaf	1	1.88353161644208e-28	kg	m_mu_kg	1.883531627e-28	4.2e-36	4.2e-36	0.00560539	0.2514	PASS	5.60539e-07	PASS		hub 0f4882cc 2026-09-29 printed z=0.251	restored: hub seed leaf (2026-09-29) absent from the C++ port (H-01)	CODATA 2022 "muon mass" https://physics.nist.gov/cuu/Constants/Table/allascii.txt				
u_over_m_e	leaf	1	1822.88848625809	1	u_over_m_e	1822.88848627814	3.22323e-08	3.22323e-08	1.09982e-05	0.622	PASS	1.09982e-09	PASS		hub af598be7 2026-09-29 printed z=0.611	restored: hub seed leaf (2026-09-29) absent from the C++ port (H-01)	derived inv:A_r_e from [A_r_e: CODATA2022]				
u_kg	leaf	1	1.66053906863299e-27	kg	u_kg	1.66053906892e-27	5.2e-37	5.2e-37	0.000172841	0.5519	PASS	1.72841e-08	PASS		hub af598be7 2026-09-29 printed z=0.552	restored: hub seed leaf (2026-09-29) absent from the C++ port (H-01)	CODATA 2022 "atomic mass constant" https://physics.nist.gov/cuu/Constants/Table/allascii.txt				
M_12C	leaf	1	0.0120000000105446	kg mol^-1	M_12C	0.0120000000126	3.7e-12	3.7e-12	0.000171283	0.5555	PASS	1.71283e-08	PASS		hub af598be7 2026-09-29 printed z=0.556	restored: hub seed leaf (2026-09-29) absent from the C++ port (H-01)	CODATA 2022 "molar mass of carbon-12" https://physics.nist.gov/cuu/Constants/Table/allascii.txt				
m_Z_MeV	leaf	1	91.1873703594484	GeV	m_Z_GeV	91.188	0.002	0.002	6.90486	0.3148	PASS	0.000690486	PASS		hub a4e2a07b 2026-09-29 printed z=0.315	restored: hub seed leaf (2026-09-29) absent from the C++ port (H-01)	PDG 2024 https://pdg.lbl.gov/2024/tables/rpp2024-sum-gauge-higgs-bosons.pdf				
m_tau_MeV	leaf	1	1777.00164018233	MeV	m_tau_MeV	1776.93	0.09	0.09	40.3168	0.796	PASS	0.00403168	PASS		hub 76adcf9b 2026-09-29 printed z=0.796	restored: hub seed leaf (2026-09-29) absent from the C++ port (H-01)	PDG 2024 https://pdg.lbl.gov/2024/tables/rpp2024-sum-leptons.pdf				
r_p_fm	leaf	1	0.841248540969768	fm	r_p_fm	0.8409	0.0004	0.0004	414.486	0.8714	PASS	0.0414486	PASS		hub 24c5be5b 2026-09-29 printed z=0.871	restored: hub seed leaf (2026-09-29) absent from the C++ port (H-01)	PDG 2024 https://pdg.lbl.gov/2024/tables/rpp2024-sum-baryons.pdf				
m_pi_pm_MeV	leaf	1	139.570341070318	MeV	m_pi_pm_MeV	139.57039	0.00018	0.00018	0.350574	0.2718	PASS	3.50574e-05	PASS		hub 71fa2e3f 2026-09-29 printed z=0.272	restored: hub seed leaf (2026-09-29) absent from the C++ port (H-01)	PDG 2024 https://pdg.lbl.gov/2024/tables/rpp2024-sum-mesons.pdf				
m_D_pm_MeV	leaf	1	1869.66025880354	MeV	m_D_pm_MeV	1869.66	0.05	0.05	0.138423	0.005176	PASS	1.38423e-05	PASS		hub 1c4110ec 2026-09-29 printed z=0.005	restored: hub seed leaf (2026-09-29) absent from the C++ port (H-01)	PDG 2024 https://pdg.lbl.gov/2024/tables/rpp2024-sum-mesons.pdf				
m_K_pm_MeV	leaf	1	493.680211322105	MeV	m_K_pm_MeV	493.677	0.015	0.015	6.50491	0.2141	PASS	0.000650491	PASS		hub 22fe031a 2026-09-29 printed z=0.247 (bar 0.013)	restored: hub seed leaf (2026-09-29) absent from the C++ port (H-01)	PDG 2024 https://pdg.lbl.gov/2024/tables/rpp2024-sum-mesons.pdf				
m_c_over_m_b	leaf	1	0.304178447628559	1	m_c_over_m_b	0.304327038010997	0.00121189	0.00121189	488.259	0.1226	PASS	0.0488259	PASS		hub 25820df0 2026-09-29 printed z=0.204 (bar 0.00073)	restored: hub seed leaf (2026-09-29) absent from the C++ port (H-01)	derived ratio:m_c_GeV/m_b_GeV from [m_c_GeV: PDG2024:sum-quarks] [m_b_GeV: PDG2024:sum-quarks]				
m_W_MeV	leaf	1	80.3687519241648	GeV	m_W_GeV	80.3692	0.0133	0.0133	5.57522	0.03369	PASS	0.000557522	PASS		hub 4afc9aad 2026-09-29 printed z=0.034	restored: hub seed leaf (2026-09-29) absent from the C++ port (H-01)	PDG 2024 https://pdg.lbl.gov/2024/tables/rpp2024-sum-gauge-higgs-bosons.pdf				
m_W_over_m_Z	leaf	1	0.881358368021383	1	W_over_Z	0.88136	0.00015	0.00015	1.85166	0.01088	PASS	0.000185166	PASS		hub 52ad2ee9 2026-09-29 printed z=0.008 (bar 0.000147)	restored: hub seed leaf (2026-09-29) absent from the C++ port (H-01)	PDG 2024 https://pdg.lbl.gov/2024/tables/rpp2024-sum-gauge-higgs-bosons.pdf				
m_pi_over_m_p	leaf	1	0.148752523565799	1	m_pi_over_m_p	0.1487525756892	1.91842e-07	1.91842e-07	0.350403	0.2717	PASS	3.50403e-05	PASS		hub d049ffff 2026-09-29 printed z=0.272	restored: hub seed leaf (2026-09-29) absent from the C++ port (H-01)	derived ratio:m_pi_pm_MeV/m_p_MeV from [m_pi_pm_MeV: PDG2024:sum-mesons] [m_p_MeV: CODATA2022]				
mu_p_over_mu_N	leaf	1	2.79284734443575	1	mu_p_over_mu_N	2.79284734463	8.2e-10	8.2e-10	6.95531e-05	0.2369	PASS	6.95531e-09	PASS		hub daab5eb6 2026-09-29 printed z=0.237	restored: hub seed leaf (2026-09-29) absent from the C++ port (H-01)	CODATA 2022 "proton mag. mom. to nuclear magneton ratio" https://physics.nist.gov/cuu/Constants/Table/allascii.txt				
m_n_minus_m_p_MeV	leaf	1	1.29333253206531	MeV	m_n_minus_m_p_MeV	1.29333251	3.8e-07	3.8e-07	0.0170608	0.05807	PASS	1.70608e-06	PASS		hub 9e418a66 2026-09-29 printed z=0.058	restored: hub seed leaf (2026-09-29) absent from the C++ port (H-01)	CODATA 2022 "neutron-proton mass difference energy equivalent in MeV" https://physics.nist.gov/cuu/Constants/Table/allascii.txt				
m_H_MeV	leaf	1	125.158097744339	GeV	m_H_GeV	125.2	0.11	0.11	334.683	0.3809	PASS	0.0334683	PASS		hub 6b3ce06c 2026-09-29 printed z=0.381	restored: hub seed leaf (2026-09-29) absent from the C++ port (H-01)	PDG 2024 https://pdg.lbl.gov/2024/tables/rpp2024-sum-gauge-higgs-bosons.pdf				
m_t_over_m_W	leaf	1	2.14976592906816	1	m_t_over_m_W	2.14721560000597	0.0036258	0.0036258	1187.74	0.7034	PASS	0.118774	PASS		hub 37c6bfc9 2026-09-29 printed z=0.703	restored: hub seed leaf (2026-09-29) absent from the C++ port (H-01)	derived ratio:m_t_GeV/m_W_GeV from [m_t_GeV: PDG2024:sum-quarks] [m_W_GeV: PDG2024:sum-gauge-higgs-bosons]				
sin2_theta_W_MSbar	leaf	1	0.231275280502387	1	sin2_theta_W_MSbar	0.23129	4e-05	4e-05	63.6409	0.368	PASS	0.00636409	PASS		hub 684bb8b2 2026-09-29 printed z=0.368	restored: hub seed leaf (2026-09-29) absent from the C++ port (H-01)	PDG 2024 https://pdg.lbl.gov/2024/reviews/rpp2024-rev-standard-model.pdf				
m_tau_over_m_e	leaf	1	3477.50545878783	1	m_tau_over_m_e	3477.36526190635	0.176126	0.176126	40.317	0.796	PASS	0.0040317	PASS		hub 87897c4f 2026-09-29 printed z=0.796	restored: hub seed leaf (2026-09-29) absent from the C++ port (H-01)	derived ratio:m_tau_MeV/m_e_MeV from [m_tau_MeV: PDG2024:sum-leptons] [m_e_MeV: CODATA2022]				
dm2_32	leaf	1	0.00244405957968814	eV^2	dm2_32	0.002455	2.8e-05	2.8e-05	4456.38	0.3907	PASS	0.445638	PASS		hub b1938b97 2026-09-29 printed z=0.289 (vs 2.438e-3 +- 2.1e-5)	restored: hub seed leaf (2026-09-29) absent from the C++ port (H-01)	PDG 2024 https://pdg.lbl.gov/2024/tables/rpp2024-sum-leptons.pdf				
B_He4_MeV	leaf	1	28.2956623785975	MeV	B_He4_MeV	28.295662378	8.9e-07	8.9e-07	2.11165e-05	0.0006714	PASS	2.11165e-09	PASS		hub 3d0e7678 2026-09-29 printed z=0.027 (rounded total)	restored: hub seed leaf (2026-09-29) absent from the C++ port (H-01)	AME2020 mass excesses https://www-nds.iaea.org/amdc/ame2020/mass_1.mas20.txt				
B_H3_MeV	leaf	1	8.48179631631388	MeV	B_H3_MeV	8.481796284	8.8e-07	8.8e-07	0.00380979	0.03672	PASS	3.80979e-07	PASS		hub 79cd6cf0 2026-09-29 printed z=0.037	restored: hub seed leaf (2026-09-29) absent from the C++ port (H-01)	AME2020 mass excesses https://www-nds.iaea.org/amdc/ame2020/mass_1.mas20.txt				
CKM_V_ud	leaf	1	0.97432421968751	1	CKM_V_ud	0.97435	0.00016	0.00016	26.459	0.1611	PASS	0.0026459	PASS		hub 4c270461 2026-09-29 printed z=0.161	restored: hub seed leaf (2026-09-29) absent from the C++ port (H-01)	PDG 2024 https://pdg.lbl.gov/2024/reviews/rpp2024-rev-ckm-matrix.pdf				
CKM_V_us	leaf	1	0.225149539040889	1	CKM_V_us	0.22501	0.00068	0.00068	620.146	0.2052	PASS	0.0620146	PASS		hub 4c270461 2026-09-29 printed z=0.205	restored: hub seed leaf (2026-09-29) absent from the C++ port (H-01)	PDG 2024 https://pdg.lbl.gov/2024/reviews/rpp2024-rev-ckm-matrix.pdf				
CKM_V_ub	leaf	1	0.00374199347253333	1	CKM_V_ub	0.003732	8.5e-05	9e-05	2677.78	0.111	PASS	0.267778	PASS		hub 4c270461 2026-09-29 printed z=0.111	restored: hub seed leaf (2026-09-29) absent from the C++ port (H-01)	PDG 2024 https://pdg.lbl.gov/2024/reviews/rpp2024-rev-ckm-matrix.pdf				
CKM_V_cd	leaf	1	0.225149539040889	1	CKM_V_cd	0.22487	0.00068	0.00068	1243.11	0.4111	PASS	0.124311	PASS		hub 4c270461 2026-09-29 printed z=0.411	restored: hub seed leaf (2026-09-29) absent from the C++ port (H-01)	PDG 2024 https://pdg.lbl.gov/2024/reviews/rpp2024-rev-ckm-matrix.pdf				
CKM_V_cs	leaf	1	0.97342312722172	1	CKM_V_cs	0.97349	0.00016	0.00016	68.6939	0.418	PASS	0.00686939	PASS		hub 4c270461 2026-09-29 printed z=0.418	restored: hub seed leaf (2026-09-29) absent from the C++ port (H-01)	PDG 2024 https://pdg.lbl.gov/2024/reviews/rpp2024-rev-ckm-matrix.pdf				
CKM_V_cb	leaf	1	0.0418939191239346	1	CKM_V_cb	0.04183	0.00069	0.00079	1528.07	0.08091	PASS	0.152807	PASS		hub 4c270461 2026-09-29 printed z=0.081	restored: hub seed leaf (2026-09-29) absent from the C++ port (H-01)	PDG 2024 https://pdg.lbl.gov/2024/reviews/rpp2024-rev-ckm-matrix.pdf				
CKM_V_td	leaf	1	0.0086013655784844	1	CKM_V_td	0.00858	0.00017	0.00019	2490.16	0.1125	PASS	0.249016	PASS		hub 4c270461 2026-09-29 printed z=0.112	restored: hub seed leaf (2026-09-29) absent from the C++ port (H-01)	PDG 2024 https://pdg.lbl.gov/2024/reviews/rpp2024-rev-ckm-matrix.pdf				
CKM_V_ts	leaf	1	0.0411696875380703	1	CKM_V_ts	0.04111	0.00068	0.00077	1451.9	0.07752	PASS	0.14519	PASS		hub 4c270461 2026-09-29 printed z=0.078	restored: hub seed leaf (2026-09-29) absent from the C++ port (H-01)	PDG 2024 https://pdg.lbl.gov/2024/reviews/rpp2024-rev-ckm-matrix.pdf				
CKM_V_tb	leaf	1	0.999122449770219	1	CKM_V_tb	0.999118	3.4e-05	2.9e-05	4.4537	0.1534	PASS	0.00044537	PASS		hub 4c270461 2026-09-29 printed z=0.153	restored: hub seed leaf (2026-09-29) absent from the C++ port (H-01)	PDG 2024 https://pdg.lbl.gov/2024/reviews/rpp2024-rev-ckm-matrix.pdf				
alpha_s_MZ	seed	1	0.117908816617884	1	alpha_s_MZ	0.118	0.0009	0.0009	772.741	0.1013	PASS	0.0772741	PASS		channel fix F2 (REFINEMENTS_2026-10-02b): hub seed_alpha_s_MZ 8760d403 2026-08-03, the QCD-process coupling	channel fix: committed hub seed route (REFINEMENTS_2026-10-02b F2)	PDG 2024 https://pdg.lbl.gov/2024/reviews/rpp2024-rev-qcd.pdf				
pin:wave1|alpha_s(M_Z)	pin	0	0.117099663048638	1	alpha_s_MZ	0.118	0.0009	0.0009	7629.97	1	FAIL	0.762997	PASS	0.1179	AEB2AD (d127c07e 2026-09-14) 0.117099663 z=1.0004	formula miss: outside sigma under every pin (best z=1.0004); alternate: Wave-1 geometric 1/(e pi), 'a different object' per the seed_alpha_s_MZ docstring (F2)	PDG 2024 https://pdg.lbl.gov/2024/reviews/rpp2024-rev-qcd.pdf				
pin:wave1|H0	pin	1	68.4449955638267	km s^-1 Mpc^-1	H0_CMB_BAO	68.43	0.27	0.27	219.137	0.05554	PASS	0.0219137	PASS	67.4	D1D38A (012e5c64 2026-08-04) 68.44005683 z=0.0372	pin target 67.4 is 3.81 sigma off the current reference; channel fix F1 (REFINEMENTS_2026-10-02b): global CMB+BAO H0 per hub seed_h0_global docstring 00ca7f1f; ref ACT DR6 P-ACT-LB + DESI DR2	arXiv:2503.14452 https://arxiv.org/abs/2503.14452 (abstract)				
pin:wave1|H0 vs Planck2018	pin	0	68.4449955638267	km s^-1 Mpc^-1	H0	67.4	0.5	0.5	15504.4	2.09	FAIL	1.55044	PASS	67.4	D1D38A (012e5c64 2026-08-04) 68.44005683 z=2.0801	formula miss; also worsened by re-pin: D1D38A->3090BC (ba6a8288 2026-09-11) z 2.0801->2.0900; alternate reference (Planck 2018 CMB-only); not the FSOT channel (F1)	PDG 2024 https://pdg.lbl.gov/2024/reviews/rpp2024-rev-astrophysical-constants.pdf				
pin:wave1|H0 vs SH0ES	pin	0	68.4449955638267	km s^-1 Mpc^-1	H0_SH0ES	73	1	1	62397.3	4.555	FAIL	6.23973	FAIL	67.4	AEB2AD (d127c07e 2026-09-14) 68.44499556 z=4.5550	formula miss: outside sigma under every pin (best z=4.5550); pin target 67.4 is 5.6 sigma off the current reference; alternate reference (distance ladder); not the FSOT channel (F1)	PDG 2024 https://pdg.lbl.gov/2024/reviews/rpp2024-rev-cosmological-parameters.pdf				
pin:wave1|T_CMB	pin	0	2.72471169034307	K	T0_K	2.7255	0.0006	0.0006	289.235	1.314	FAIL	0.0289235	PASS	2.72548	D1D38A (012e5c64 2026-08-04) 2.724728387 z=1.2860	formula miss; also worsened by re-pin: D1D38A->3090BC (ba6a8288 2026-09-11) z 1.2860->1.3138; superseded closed form phi^2 + P_base*abs(S_cosm); record row is eta:T_CMB	PDG 2024 https://pdg.lbl.gov/2024/reviews/rpp2024-rev-astrophysical-constants.pdf	C-TCMB	2.72609931538602	0.9989	PASS (frozen-pending)
eta:T_CMB	eta	1	2.72573880197729	K	T0_K	2.7255	0.0006	0.0006	87.6177	0.398	PASS	0.00876177	PASS		AF-3 tools/score_2026_10_02af.py 2.72573880198 K z=0.398	AF-3 n_gamma0 = omega_b * rho_c,100 / (m_p * eta); T_0 = (pi^2 n_gamma0 / (2 zeta(3)))^(1/3) * hbar*c/k_B. Caveat: the observed eta the formula was compared to is itself inferred with T_CMB^3 (target choice, not an input). Flat branch (age to h) gives h 0.674541, contradicting the H0 pin by -1.448%, Omega_Lambda by +0.408%, Omega_m by -0.299% and Omega_r by +0.327%. The pin set sums to 0.99816.	PDG 2024 https://pdg.lbl.gov/2024/reviews/rpp2024-rev-astrophysical-constants.pdf				
pin:wave1|n_s	pin	1	0.963333836595472	1	n_s	0.965	0.004	0.004	1726.59	0.4165	PASS	0.172659	PASS	0.9649	D1D38A (012e5c64 2026-08-04) 0.9638062834 z=0.2984		PDG 2024 https://pdg.lbl.gov/2024/reviews/rpp2024-rev-astrophysical-constants.pdf				
pin:wave1|Omega_b_h2	pin	1	0.0224616214186474	1	Omega_b_h2	0.02237	0.00015	0.00015	4095.73	0.6108	PASS	0.409573	PASS	0.02237	D1D38A (012e5c64 2026-08-04) 0.02235612408 z=0.0925		PDG 2024 https://pdg.lbl.gov/2024/reviews/rpp2024-rev-astrophysical-constants.pdf				
pin:validation_suite|sin2_theta_W	pin	0	0.231222029147931	1	sin2_theta_W_MSbar	0.23129	4e-05	4e-05	293.877	1.699	FAIL	0.0293877	PASS	0.23122	AEB2AD (d127c07e 2026-09-14) 0.2312220291 z=1.6993	formula miss: outside sigma under every pin (best z=1.6993); pin target 0.23122 is 1.75 sigma off the current reference; superseded by sin2_theta_W_MSbar	PDG 2024 https://pdg.lbl.gov/2024/reviews/rpp2024-rev-standard-model.pdf				
pin:validation_suite|M_Z/M_W	pin	0	1.1346009294087	1	M_Z_over_M_W	1.13461014795316	0.000193101	0.000193101	8.12486	0.04774	PASS	0.000812486	PASS	1.134	AEB2AD (d127c07e 2026-09-14) 1.134600929 z=0.0477	pin target 1.134 is 3.16 sigma off the current reference; superseded by m_W_over_m_Z	derived inv:W_over_Z from [W_over_Z: PDG2024:sum-gauge-higgs-bosons]				
pin:wave2|1/alpha_em	pin	0	137.036197559573	1	alpha_inv	137.035999177	2.1e-08	2.1e-08	1.44767	9447	FAIL	0.000144767	PASS	137.036	AEB2AD (d127c07e 2026-09-14) 137.0361976 z=9447	formula miss: outside sigma under every pin (best z=9447); pin target 137.036 is 39.2 sigma off the current reference; superseded by alpha_inv	CODATA 2022 "inverse fine-structure constant" https://physics.nist.gov/cuu/Constants/Table/allascii.txt				
pin:wave2|sin2_theta_W	pin	0	0.231189974599601	1	sin2_theta_W_MSbar	0.23129	4e-05	4e-05	432.467	2.501	FAIL	0.0432467	PASS	0.23122	AEB2AD (d127c07e 2026-09-14) 0.2311899746 z=2.5006	formula miss: outside sigma under every pin (best z=2.5006); pin target 0.23122 is 1.75 sigma off the current reference; superseded by sin2_theta_W_MSbar	PDG 2024 https://pdg.lbl.gov/2024/reviews/rpp2024-rev-standard-model.pdf				
pin:wave2|M_W/M_Z	pin	0	0.875373665319297	1	W_over_Z	0.88136	0.00015	0.00015	6792.16	39.91	FAIL	0.679216	PASS	0.88147	D1D38A (012e5c64 2026-08-04) 0.8814508416 z=0.6056	re-pin regression (frozen pin; theory decision): D1D38A->3090BC (ba6a8288 2026-09-11) z 0.6056->1.0501; 3090BC->FE23A2 (3c74a180 2026-09-11) z 1.0501->39.9089; superseded by m_W_over_m_Z	PDG 2024 https://pdg.lbl.gov/2024/tables/rpp2024-sum-gauge-higgs-bosons.pdf				
pin:wave2|Omega_Lambda	pin	0	0.682736038135278	1	Omega_L	0.685	0.007	0.007	3305.05	0.3234	PASS	0.330505	PASS	0.6847	D1D38A (012e5c64 2026-08-04) 0.6846890475 z=0.0444	[OD-superseded] pinned AEB2AD value (QM D_eff 5); record row is od2:wave2|Omega_Lambda (owner decision OD-2 2026-10-02)	PDG 2024 https://pdg.lbl.gov/2024/reviews/rpp2024-rev-astrophysical-constants.pdf				
od2:wave2|Omega_Lambda	owner	1	0.684609232397667	1	Omega_L	0.685	0.007	0.007	570.464	0.05582	PASS	0.0570464	PASS		pinned AEB2AD value 0.682736038135278 z=0.3234	owner decision OD-2 (2026-10-02 18:10 EDT): Quantum_Mechanics D_eff = 6 (pre-FE23A2 value, pins D1D38A/3090BC); differs from the pin only in that D_eff	PDG 2024 https://pdg.lbl.gov/2024/reviews/rpp2024-rev-astrophysical-constants.pdf				
pin:wave2|Omega_m	pin	1	0.315329188245007	1	Omega_m	0.315	0.007	0.007	1045.04	0.04703	PASS	0.104504	PASS	0.3153	D1D38A (012e5c64 2026-08-04) 0.3152990182 z=0.0427		PDG 2024 https://pdg.lbl.gov/2024/reviews/rpp2024-rev-astrophysical-constants.pdf				
pin:wave2|Omega_DM_h2	pin	1	0.120585820096538	1	Omega_c_h2	0.12	0.0012	0.0012	4881.83	0.4882	PASS	0.488183	PASS	0.12	D1D38A (012e5c64 2026-08-04) 0.1200006733 z=0.0006		PDG 2024 https://pdg.lbl.gov/2024/reviews/rpp2024-rev-astrophysical-constants.pdf				
pin:wave2|sigma_8	pin	0	0.808381839410747	1	sigma_8	0.811	0.006	0.006	3228.31	0.4364	PASS	0.322831	PASS	0.8111	3090BC (ba6a8288 2026-09-11) 0.8109398794 z=0.0100	[OD-superseded] pinned AEB2AD value (QM D_eff 5); record row is od2:wave2|sigma_8 (owner decision OD-2 2026-10-02)	PDG 2024 https://pdg.lbl.gov/2024/reviews/rpp2024-rev-astrophysical-constants.pdf				
od2:wave2|sigma_8	owner	1	0.810939879367982	1	sigma_8	0.811	0.006	0.006	74.1315	0.01002	PASS	0.00741315	PASS		pinned AEB2AD value 0.808381839410747 z=0.4364	owner decision OD-2 (2026-10-02 18:10 EDT): Quantum_Mechanics D_eff = 6 (pre-FE23A2 value, pins D1D38A/3090BC); differs from the pin only in that D_eff	PDG 2024 https://pdg.lbl.gov/2024/reviews/rpp2024-rev-astrophysical-constants.pdf				
pin:wave2|tau_reion	pin	1	0.0543965535023081	1	tau_reion	0.054	0.007	0.007	7343.58	0.05665	PASS	0.734358	PASS	0.0544	AEB2AD (d127c07e 2026-09-14) 0.0543965535 z=0.0567		PDG 2024 https://pdg.lbl.gov/2024/reviews/rpp2024-rev-astrophysical-constants.pdf				
pin:wave2|m_pi/m_p	pin	0	0.144418685310253	1	m_pi_over_m_p	0.1487525756892	1.91842e-07	1.91842e-07	29134.9	2.259e+04	FAIL	2.91349	FAIL	0.14446	D1D38A (012e5c64 2026-08-04) 0.1444574966 z=2.239e+04	formula miss; also worsened by re-pin: D1D38A->3090BC (ba6a8288 2026-09-11) z 2.239e+04->2.259e+04; pin target 0.14446 is 2.24e+04 sigma off the current reference; superseded by m_pi_over_m_p	derived ratio:m_pi_pm_MeV/m_p_MeV from [m_pi_pm_MeV: PDG2024:sum-mesons] [m_p_MeV: CODATA2022]				
pin:wave2|N_eff	pin	1	3.04571345428836	1	N_eff	2.99	0.17	0.17	18633.3	0.3277	PASS	1.86333	PASS	3.046	AEB2AD (d127c07e 2026-09-14) 3.045713454 z=0.3277		PDG 2024 https://pdg.lbl.gov/2024/reviews/rpp2024-rev-astrophysical-constants.pdf				
pin:wave3||V_us|	pin	0	0.229586479099665	1	CKM_V_us	0.22501	0.00068	0.00068	20339	6.73	FAIL	2.0339	FAIL	0.2243	3090BC (ba6a8288 2026-09-11) 0.2244946092 z=0.7579	re-pin regression (frozen pin; theory decision): 3090BC->FE23A2 (3c74a180 2026-09-11) z 0.7579->6.7301; pin target 0.2243 is 1.04 sigma off the current reference; superseded by CKM_V_us	PDG 2024 https://pdg.lbl.gov/2024/reviews/rpp2024-rev-ckm-matrix.pdf				
pin:wave3||V_cb|	pin	0	0.0419188788072566	1	CKM_V_cb	0.04183	0.00069	0.00079	2124.76	0.1125	PASS	0.212476	PASS	0.0422	AEB2AD (d127c07e 2026-09-14) 0.04191887881 z=0.1125	superseded by CKM_V_cb	PDG 2024 https://pdg.lbl.gov/2024/reviews/rpp2024-rev-ckm-matrix.pdf				
pin:wave3|Age_Gyr	pin	1	13.7871961192453	Gyr	t0_Gyr	13.797	0.023	0.023	710.581	0.4263	PASS	0.0710581	PASS	13.787	AEB2AD (d127c07e 2026-09-14) 13.78719612 z=0.4263		PDG 2024 https://pdg.lbl.gov/2024/reviews/rpp2024-rev-astrophysical-constants.pdf				
pin:wave3|z_eq	pin	1	3393.81031040142	1	z_eq	3402	26	26	2407.32	0.315	PASS	0.240732	PASS	3402	AEB2AD (d127c07e 2026-09-14) 3393.81031 z=0.3150		PDG 2024 https://pdg.lbl.gov/2024/reviews/rpp2024-rev-astrophysical-constants.pdf				
pin:wave3|r_star_Mpc	pin	1	144.399830031989	Mpc	r_star_Mpc	144.43	0.26	0.26	208.89	0.116	PASS	0.020889	PASS	144.43	AEB2AD (d127c07e 2026-09-14) 144.39983 z=0.1160		PDG 2024 https://pdg.lbl.gov/2024/reviews/rpp2024-rev-astrophysical-constants.pdf				
pin:wave3|Deuteron_binding_MeV	pin	0	2.22456464846253	MeV	B_H2_MeV	2.224566229	4.4e-07	4.4e-07	0.710492	3.592	FAIL	7.10492e-05	PASS	2.224566	AEB2AD (d127c07e 2026-09-14) 2.224564648 z=3.5921	formula miss: outside sigma under every pin (best z=3.5921); superseded closed form sqrt(e)/e+phi; record row is leaf:Deuteron_binding_MeV	AME2020 mass excesses https://www-nds.iaea.org/amdc/ame2020/mass_1.mas20.txt	C-BD	2.22482594553556	590.3	FAIL (open)
leaf:Deuteron_binding_MeV	bdleaf	1	2.22456621408218	MeV	B_H2_MeV	2.224566229	4.4e-07	4.4e-07	0.00670595	0.0339	PASS	6.70595e-07	PASS		FREEZE_2026-10-02ax (sqrt(e)/e+phi)*(1+alpha^3*(e^3/phi^5))	mass-excess alpha^3 nearest e^3/phi^5: (sqrt(e)/e+phi)*(1+alpha^3*e^3/phi^5); runner-up phi+phi^-3 is 1.49118 times farther; alpha is the inverse-alpha leaf	AME2020 mass excesses https://www-nds.iaea.org/amdc/ame2020/mass_1.mas20.txt				
pin:wave3|Neutron_lifetime_s	pin	1	878.592851392283	s	tau_n_s	878.4	0.5	0.5	219.548	0.3857	PASS	0.0219548	PASS	878.4	AEB2AD (d127c07e 2026-09-14) 878.5928514 z=0.3857		PDG 2024 https://pdg.lbl.gov/2024/tables/rpp2024-sum-baryons.pdf				
pin:wave3|m_t/m_W	pin	0	2.14976592906816	1	m_t_over_m_W	2.14721560000597	0.0036258	0.0036258	1187.74	0.7034	PASS	0.118774	PASS	2.1498	AEB2AD (d127c07e 2026-09-14) 2.149765929 z=0.7034	superseded by m_t_over_m_W	derived ratio:m_t_GeV/m_W_GeV from [m_t_GeV: PDG2024:sum-quarks] [m_W_GeV: PDG2024:sum-gauge-higgs-bosons]				
pin:wave3|m_H/m_W	pin	0	1.55083682600647	1	m_H_over_m_W	1.55781070360287	0.00139275	0.00139275	4476.72	5.007	FAIL	0.447672	PASS	1.5595	3090BC (ba6a8288 2026-09-11) 1.559147372 z=0.9597	re-pin regression (frozen pin; theory decision): 3090BC->FE23A2 (3c74a180 2026-09-11) z 0.9597->5.0073; pin target 1.5595 is 1.21 sigma off the current reference; pinned AEB2AD domain scalar at QM D_eff 5; record row is leaf:m_H/m_W (C-MHW-1). The D_eff-6 value stays on od2 at record 0	derived ratio:m_H_GeV/m_W_GeV from [m_H_GeV: PDG2024:sum-gauge-higgs-bosons] [m_W_GeV: PDG2024:sum-gauge-higgs-bosons]	C-MHW-1	1.55729801381558	0.3681	PASS (frozen-pending)
od2:wave3|m_H/m_W	owner	0	1.55914737159333	1	m_H_over_m_W	1.55781070360287	0.00139275	0.00139275	858.043	0.9597	PASS	0.0858043	PASS		pinned AEB2AD value 1.55083682600647 z=5.0073	owner decision OD-2 (2026-10-02 18:10 EDT): Quantum_Mechanics D_eff = 6; record ratio is leaf:m_H/m_W. This row stays the domain scalar. OD-2 still supplies Omega_Lambda and sigma_8	derived ratio:m_H_GeV/m_W_GeV from [m_H_GeV: PDG2024:sum-gauge-higgs-bosons] [m_W_GeV: PDG2024:sum-gauge-higgs-bosons]				
leaf:m_H/m_W	hwleaf	1	1.55729801381558	1	m_H_over_m_W	1.55781070360287	0.00139275	0.00139275	329.109	0.3681	PASS	0.0329109	PASS		FREEZE_2026-10-02bg leaf m_H_MeV / leaf m_W_MeV	C-MHW-1: leaf m_H_MeV / leaf m_W_MeV. Runner-up C-MHW-2 is 1/(3*P_new*(1-C_factor)) and was not selected by S1	derived ratio:m_H_GeV/m_W_GeV from [m_H_GeV: PDG2024:sum-gauge-higgs-bosons] [m_W_GeV: PDG2024:sum-gauge-higgs-bosons]				
pin:wave3|m_tau/m_e	pin	0	3477.50545878783	1	m_tau_over_m_e	3477.36526190635	0.176126	0.176126	40.317	0.796	PASS	0.0040317	PASS	3477.48	AEB2AD (d127c07e 2026-09-14) 3477.505459 z=0.7960	superseded by m_tau_over_m_e	derived ratio:m_tau_MeV/m_e_MeV from [m_tau_MeV: PDG2024:sum-leptons] [m_e_MeV: CODATA2022]				
pin:wave4|sin2_theta12	pin	1	0.306964429788902	1	sin2_12	0.307	0.013	0.013	115.864	0.002736	PASS	0.0115864	PASS	0.307	AEB2AD (d127c07e 2026-09-14) 0.3069644298 z=0.0027		PDG 2024 https://pdg.lbl.gov/2024/tables/rpp2024-sum-leptons.pdf				
pin:wave4|sin2_theta23	pin	0	0.545766610986025	1	sin2_23	0.558	0.021	0.015	21923.6	0.5825	PASS	2.19236	FAIL	0.546	AEB2AD (d127c07e 2026-09-14) 0.545766611 z=0.5825	superseded closed form |Chaos|*sqrt(e) on the PDG 2024 bar; record row is leaf:sin2_theta23	PDG 2024 https://pdg.lbl.gov/2024/tables/rpp2024-sum-leptons.pdf				
leaf:sin2_theta23	atmleaf	1	0.470635313578152	1	sin2_23_nufit	0.47	0.014	0.017	1351.73	0.03737	PASS	0.135173	PASS		|S|/2 generation 9 D_eff 11	|S|/2 on generation 9, Neuroscience and Condensed_Matter, D_eff 11; eight wider specimen halves also sit in the NuFIT bar	NuFIT 6.1 (2025) http://www.nu-fit.org/sites/default/files/v61.tbl-parameters.pdf (normal-ordering-with-SK)				
pin:wave4|sin2_theta13	pin	1	0.0220151582211441	1	sin2_13	0.0219	0.0007	0.0007	5258.37	0.1645	PASS	0.525837	PASS	0.022	AEB2AD (d127c07e 2026-09-14) 0.02201515822 z=0.1645		PDG 2024 https://pdg.lbl.gov/2024/tables/rpp2024-sum-leptons.pdf				
pin:wave4|Dm2_21/Dm2_32	pin	0	0.0295170114802864	1	dm2_21_over_dm2_32	0.0306720977596741	0.000812377	0.000812377	37659.2	1.422	FAIL	3.76592	FAIL	0.0295	AEB2AD (d127c07e 2026-09-14) 0.02951701148 z=1.4219	formula miss: outside sigma under every pin (best z=1.4219); pin target 0.0295 is 1.44 sigma off the current reference; [OD-superseded] pre-decision reference object Dm2_32; record row is od1 (owner decision OD-1 2026-10-02)	derived ratio:dm2_21/dm2_32 from [dm2_21: PDG2024:sum-leptons] [dm2_32: PDG2024:sum-leptons]	C-DM-1	0.030787593346332	0.1422	PASS (frozen-pending)
od1:wave4|Dm2_21/Dm2_31	pin	1	0.0295170114802864	1	dm2_21_over_dm2_31	0.0297593170770264	0.000764744	0.000764744	8142.18	0.3168	PASS	0.814218	PASS	0.0295	AEB2AD (d127c07e 2026-09-14) 0.02951701148 z=0.3168	owner decision OD-1 (2026-10-02 18:10 EDT): reference object Dm2_21/Dm2_31 (NO); same pinned AEB2AD value	derived frac:dm2_21/dm2_32 from [dm2_21: PDG2024:sum-leptons] [dm2_32: PDG2024:sum-leptons]				
pin:wave4||V_ub|	pin	0	0.00392125629338614	1	CKM_V_ub	0.003732	8.5e-05	9e-05	50711.8	2.103	FAIL	5.07118	FAIL	0.00382	D1D38A (012e5c64 2026-08-04) 0.003819660113 z=0.9740	re-pin regression (frozen pin; theory decision): D1D38A->3090BC (ba6a8288 2026-09-11) z 0.9740->2.1028; superseded by CKM_V_ub	PDG 2024 https://pdg.lbl.gov/2024/reviews/rpp2024-rev-ckm-matrix.pdf				
pin:wave4||V_td|	pin	0	0.00857080098022107	1	CKM_V_td	0.00858	0.00017	0.00019	1072.15	0.05411	PASS	0.107215	PASS	0.00857	AEB2AD (d127c07e 2026-09-14) 0.00857080098 z=0.0541	superseded by CKM_V_td	PDG 2024 https://pdg.lbl.gov/2024/reviews/rpp2024-rev-ckm-matrix.pdf				
pin:wave4||V_ts|	pin	0	0.0405033047150822	1	CKM_V_ts	0.04111	0.00068	0.00077	14757.9	0.8922	PASS	1.47579	PASS	0.0405	AEB2AD (d127c07e 2026-09-14) 0.04050330472 z=0.8922	superseded by CKM_V_ts	PDG 2024 https://pdg.lbl.gov/2024/reviews/rpp2024-rev-ckm-matrix.pdf				
pin:wave4|Jarlskog_J	pin	0	3.07277178666547e-05	1	J_CKM	3.12e-05	1.2e-06	1.3e-06	15137.2	0.3936	PASS	1.51372	PASS	3.08e-05	AEB2AD (d127c07e 2026-09-14) 3.072771787e-05 z=0.3936	superseded closed form G/(pi^9); record row is leaf:Jarlskog_J	PDG 2024 https://pdg.lbl.gov/2024/reviews/rpp2024-rev-ckm-matrix.pdf				
leaf:Jarlskog_J	jleaf	1	3.13591416718917e-05	1	J_CKM	3.12e-05	1.2e-06	1.3e-06	5100.69	0.1224	PASS	0.510069	PASS		FREEZE_2026-10-02bc A^2*lambda^6*etabar	Wolfenstein J = A^2*lambda^6*etabar from the CKM leaves; runner-up times (1-lambda^2*SUCTION) crosses the center and is not installed	PDG 2024 https://pdg.lbl.gov/2024/reviews/rpp2024-rev-ckm-matrix.pdf				
pin:wave4|r_p_fm	pin	0	0.841248540969768	fm	r_p_fm	0.8409	0.0004	0.0004	414.486	0.8714	PASS	0.0414486	PASS	0.8414	AEB2AD (d127c07e 2026-09-14) 0.841248541 z=0.8714	pin target 0.8414 is 1.25 sigma off the current reference; superseded by r_p_fm	PDG 2024 https://pdg.lbl.gov/2024/tables/rpp2024-sum-baryons.pdf				
pin:wave4|m_n-m_p_MeV	pin	0	1.2933328005542	MeV	m_n_minus_m_p_MeV	1.29333251	3.8e-07	3.8e-07	0.224655	0.7646	PASS	2.24655e-05	PASS	1.29333	AEB2AD (d127c07e 2026-09-14) 1.293332801 z=0.7646	pin target 1.29333 is 6.61 sigma off the current reference; superseded by m_n_minus_m_p_MeV	CODATA 2022 "neutron-proton mass difference energy equivalent in MeV" https://physics.nist.gov/cuu/Constants/Table/allascii.txt				
pin:wave4|mu_p_muN	pin	0	2.79285221626411	1	mu_p_over_mu_N	2.79284734463	8.2e-10	8.2e-10	1.74433	5941	FAIL	0.000174433	PASS	2.79285	AEB2AD (d127c07e 2026-09-14) 2.792852216 z=5941	formula miss: outside sigma under every pin (best z=5941); pin target 2.79285 is 3.24e+03 sigma off the current reference; superseded by mu_p_over_mu_N	CODATA 2022 "proton mag. mom. to nuclear magneton ratio" https://physics.nist.gov/cuu/Constants/Table/allascii.txt				
pin:wave4|w0	pin	1	-1.02998129213726	1	w_DE	-1.028	0.031	0.031	1927.33	0.06391	PASS	0.192733	PASS	-1.03	AEB2AD (d127c07e 2026-09-14) -1.029981292 z=0.0639		PDG 2024 https://pdg.lbl.gov/2024/reviews/rpp2024-rev-astrophysical-constants.pdf				
pin:wave4|m_c/m_b	pin	0	0.294896071776548	1	m_c_over_m_b	0.304327038010997	0.00121189	0.00121189	30989.6	7.782	FAIL	3.09896	FAIL	0.291	AEB2AD (d127c07e 2026-09-14) 0.2948960718 z=7.7820	formula miss: outside sigma under every pin (best z=7.7820); pin target 0.291 is 11 sigma off the current reference; superseded by m_c_over_m_b	derived ratio:m_c_GeV/m_b_GeV from [m_c_GeV: PDG2024:sum-quarks] [m_b_GeV: PDG2024:sum-quarks]				
pin:wave5|Gamma_Z/M_Z	pin	0	0.0274897828876688	1	Gamma_Z_over_M_Z	0.0273665394569461	2.52298e-05	2.52298e-05	4503.43	4.885	FAIL	0.450343	PASS	0.02749	AEB2AD (d127c07e 2026-09-14) 0.02748978289 z=4.8848	formula miss: outside sigma under every pin (best z=4.8848); pin target 0.02749 is 4.89 sigma off the current reference; superseded closed form phi^5/e^6; record row is leaf:Gamma_Z/M_Z	derived ratio:Gamma_Z_GeV/m_Z_GeV from [Gamma_Z_GeV: PDG2024:sum-gauge-higgs-bosons] [m_Z_GeV: PDG2024:sum-gauge-higgs-bosons]	C-GZ	0.0275037827215945	5.44	FAIL (open)
leaf:Gamma_Z/M_Z	gzleaf	1	0.0273658036393593	1	Gamma_Z_over_M_Z	0.0273665394569461	2.52298e-05	2.52298e-05	26.8875	0.02916	PASS	0.00268875	PASS		Lean catalog de21ae1 (phi^5/e^6)*(1-alpha/phi)	Lean catalog de21ae1: (phi^5/e^6)*(1-alpha/phi); alpha is the inverse-alpha leaf	derived ratio:Gamma_Z_GeV/m_Z_GeV from [Gamma_Z_GeV: PDG2024:sum-gauge-higgs-bosons] [m_Z_GeV: PDG2024:sum-gauge-higgs-bosons]				
pin:wave5|R_b	pin	1	0.216230145276809	1	R_b	0.21629	0.00066	0.00066	276.734	0.09069	PASS	0.0276734	PASS	0.21629	AEB2AD (d127c07e 2026-09-14) 0.2162301453 z=0.0907		PDG 2024 https://pdg.lbl.gov/2024/reviews/rpp2024-rev-standard-model.pdf				
pin:wave5|R_c	pin	1	0.17210879887232	1	R_c	0.1721	0.003	0.003	51.1265	0.002933	PASS	0.00511265	PASS	0.1721	AEB2AD (d127c07e 2026-09-14) 0.1721087989 z=0.0029		PDG 2024 https://pdg.lbl.gov/2024/reviews/rpp2024-rev-standard-model.pdf				
pin:wave5|A_FB_ell	pin	1	0.0171118919939693	1	A_FB_0l	0.0171	0.001	0.001	695.438	0.01189	PASS	0.0695438	PASS	0.0171	AEB2AD (d127c07e 2026-09-14) 0.01711189199 z=0.0119		PDG 2024 https://pdg.lbl.gov/2024/tables/rpp2024-sum-gauge-higgs-bosons.pdf				
pin:wave5|A_ell_SLD	pin	1	0.151189108513105	1	A_e	0.1515	0.0019	0.0019	2052.09	0.1636	PASS	0.205209	PASS	0.1513	AEB2AD (d127c07e 2026-09-14) 0.1511891085 z=0.1636		PDG 2024 https://pdg.lbl.gov/2024/tables/rpp2024-sum-gauge-higgs-bosons.pdf				
pin:wave5|m_H/m_t	pin	1	0.725706820162371	1	m_H_over_m_t	0.72550269455873	0.00137577	0.00137577	281.357	0.1484	PASS	0.0281357	PASS	0.7256	AEB2AD (d127c07e 2026-09-14) 0.7257068202 z=0.1484		derived ratio:m_H_GeV/m_t_GeV from [m_H_GeV: PDG2024:sum-gauge-higgs-bosons] [m_t_GeV: PDG2024:sum-quarks]				
pin:wave5|Y_p_He4	pin	1	0.244780998449757	1	Y_p	0.2448	0.0033	0.0033	77.6207	0.005758	PASS	0.00776207	PASS	0.2449	AEB2AD (d127c07e 2026-09-14) 0.2447809984 z=0.0058		PDG 2024 https://pdg.lbl.gov/2024/reviews/rpp2024-rev-astrophysical-constants.pdf				
pin:wave5|D_H_ratio	pin	1	2.5446825859417e-05	1	D_H	2.547e-05	2.9e-07	2.9e-07	909.86	0.07991	PASS	0.090986	PASS	2.547e-05	AEB2AD (d127c07e 2026-09-14) 2.544682586e-05 z=0.0799		PDG 2024 https://pdg.lbl.gov/2024/reviews/rpp2024-rev-bbang-nucleosynthesis.pdf				
pin:wave7|m_u/m_d	pin	1	0.460031158054808	1	m_u_over_m_d	0.462	0.02	0.02	4261.56	0.09844	PASS	0.426156	PASS	0.4596	AEB2AD (d127c07e 2026-09-14) 0.4600311581 z=0.0984		PDG 2024 https://pdg.lbl.gov/2024/tables/rpp2024-sum-quarks.pdf				
pin:wave7|m_tau/m_mu	pin	1	16.8169102120244	1	m_tau_over_m_mu	16.8176918449783	0.000851802	0.000851802	46.4768	0.9176	PASS	0.00464768	PASS	16.817	AEB2AD (d127c07e 2026-09-14) 16.81691021 z=0.9176		derived ratio:m_tau_MeV/m_mu_MeV from [m_tau_MeV: PDG2024:sum-leptons] [m_mu_MeV: CODATA2022]				
pin:wave8||V_ud|	pin	0	0.973706664444628	1	CKM_V_ud	0.97435	0.00016	0.00016	660.272	4.021	FAIL	0.0660272	PASS	0.9737	AEB2AD (d127c07e 2026-09-14) 0.9737066644 z=4.0208	formula miss: outside sigma under every pin (best z=4.0208); pin target 0.9737 is 4.06 sigma off the current reference; superseded by CKM_V_ud	PDG 2024 https://pdg.lbl.gov/2024/reviews/rpp2024-rev-ckm-matrix.pdf				
pin:wave8||V_cd|	pin	0	0.221007804791326	1	CKM_V_cd	0.22487	0.00068	0.00068	17175.2	5.68	FAIL	1.71752	PASS	0.221	AEB2AD (d127c07e 2026-09-14) 0.2210078048 z=5.6797	formula miss: outside sigma under every pin (best z=5.6797); pin target 0.221 is 5.69 sigma off the current reference; superseded by CKM_V_cd	PDG 2024 https://pdg.lbl.gov/2024/reviews/rpp2024-rev-ckm-matrix.pdf				
pin:wave8||V_cs|	pin	0	0.974913485313156	1	CKM_V_cs	0.97349	0.00016	0.00016	1462.25	8.897	FAIL	0.146225	PASS	0.9735	AEB2AD (d127c07e 2026-09-14) 0.9749134853 z=8.8968	formula miss: outside sigma under every pin (best z=8.8968); superseded by CKM_V_cs	PDG 2024 https://pdg.lbl.gov/2024/reviews/rpp2024-rev-ckm-matrix.pdf				
pin:wave8|delta_CP_PMNS	pin	0	3.86818853632835	rad	delta_CP_rad	3.73849525777185	0.69115	0.69115	34691.3	0.1876	PASS	3.46913	FAIL	3.8685	AEB2AD (d127c07e 2026-09-14) 3.868188536 z=0.1876	superseded closed form phi^3-1/e; record row is leaf:delta_CP_PMNS	derived pi:delta_CP_over_pi from [delta_CP_over_pi: PDG2024:sum-leptons]				
leaf:delta_CP_PMNS	cpleaf	1	3.72115455090024	rad	delta_CP_rad	3.73849525777185	0.69115	0.69115	4638.42	0.02509	PASS	0.463842	PASS		phi^3 - 1/e - Suction	phi^3 - 1/e - Suction; Poof is the next subtraction; P_base stays outside the flat 2% line	derived pi:delta_CP_over_pi from [delta_CP_over_pi: PDG2024:sum-leptons]				
pin:wave8|BR_Z_ee	pin	1	0.0336654326477979	1	BR_Z_ee	0.033632	4.2e-05	4.2e-05	994.073	0.796	PASS	0.0994073	PASS	0.03363	AEB2AD (d127c07e 2026-09-14) 0.03366543265 z=0.7960		PDG 2024 https://pdg.lbl.gov/2024/tables/rpp2024-sum-gauge-higgs-bosons.pdf				
pin:wave8|BR_Z_had	pin	1	0.699175038098444	1	BR_Z_had	0.69911	0.00056	0.00056	93.0299	0.1161	PASS	0.00930299	PASS	0.6991	AEB2AD (d127c07e 2026-09-14) 0.6991750381 z=0.1161		PDG 2024 https://pdg.lbl.gov/2024/tables/rpp2024-sum-gauge-higgs-bosons.pdf				
pin:wave8|BR_Z_inv	pin	1	0.199977541121741	1	BR_Z_inv	0.2	0.00055	0.00055	112.294	0.04083	PASS	0.0112294	PASS	0.2	AEB2AD (d127c07e 2026-09-14) 0.1999775411 z=0.0408		PDG 2024 https://pdg.lbl.gov/2024/tables/rpp2024-sum-gauge-higgs-bosons.pdf				
pin:wave8|He4_binding_MeV	pin	0	28.3007169365692	MeV	B_He4_MeV	28.295662378	8.9e-07	8.9e-07	178.634	5679	FAIL	0.0178634	PASS	28.3	AEB2AD (d127c07e 2026-09-14) 28.30071694 z=5679	formula miss: outside sigma under every pin (best z=5679); pin target 28.3 is 4.87e+03 sigma off the current reference; superseded by B_He4_MeV	AME2020 mass excesses https://www-nds.iaea.org/amdc/ame2020/mass_1.mas20.txt				
pin:wave8|Triton_binding_MeV	pin	0	8.48080016263456	MeV	B_H3_MeV	8.481796284	8.8e-07	8.8e-07	117.442	1132	FAIL	0.0117442	PASS	8.482	AEB2AD (d127c07e 2026-09-14) 8.480800163 z=1132	formula miss: outside sigma under every pin (best z=1132); pin target 8.482 is 231 sigma off the current reference; superseded by B_H3_MeV	AME2020 mass excesses https://www-nds.iaea.org/amdc/ame2020/mass_1.mas20.txt				
pin:wave8|Deuteron_mu_muN	pin	0	0.857391418128038	1	mu_d_over_mu_N	0.8574382335	2.2e-09	2.2e-09	54.5991	2.128e+04	FAIL	0.00545991	PASS	0.8574	AEB2AD (d127c07e 2026-09-14) 0.8573914181 z=2.128e+04	formula miss: outside sigma under every pin (best z=2.128e+04); pin target 0.8574 is 1.74e+04 sigma off the current reference; superseded closed form G^4+Poof; record row is leaf:Deuteron_mu_muN	CODATA 2022 "deuteron mag. mom. to nuclear magneton ratio" https://physics.nist.gov/cuu/Constants/Table/allascii.txt	C-MUD	0.857828065354834	1.772e+05	FAIL (open)
leaf:Deuteron_mu_muN	muleaf	1	0.857438231894115	1	mu_d_over_mu_N	0.8574382335	2.2e-09	2.2e-09	0.00187289	0.7299	PASS	1.87289e-07	PASS		FREEZE_2026-10-02ay (G^4+Poof)*(1+alpha^2*(1+1/(4*pi^2)))	alpha^2 weight 1+1/(4*pi^2): (G^4+Poof)*(1+alpha^2*(1+1/(4*pi^2))); alpha is the inverse-alpha leaf	CODATA 2022 "deuteron mag. mom. to nuclear magneton ratio" https://physics.nist.gov/cuu/Constants/Table/allascii.txt				
pin:wave8|S_8	pin	1	0.83201443471342	1	S_8	0.832	0.013	0.013	17.3494	0.00111	PASS	0.00173494	PASS	0.832	AEB2AD (d127c07e 2026-09-14) 0.8320144347 z=0.0011		PDG 2024 https://pdg.lbl.gov/2024/reviews/rpp2024-rev-astrophysical-constants.pdf				
pin:wave8|z_reion	pin	1	7.6719924223667	1	z_reion	7.7	0.7	0.7	3637.35	0.04001	PASS	0.363735	PASS	7.68	AEB2AD (d127c07e 2026-09-14) 7.671992422 z=0.0400		PDG 2024 https://pdg.lbl.gov/2024/reviews/rpp2024-rev-astrophysical-constants.pdf				
pin:wave9||V_tb|	pin	0	0.999076519261229	1	CKM_V_tb	0.999118	3.4e-05	2.9e-05	41.5174	1.22	FAIL	0.00415174	PASS	0.9991	AEB2AD (d127c07e 2026-09-14) 0.9990765193 z=1.2200	formula miss: outside sigma under every pin (best z=1.2200); superseded by CKM_V_tb	PDG 2024 https://pdg.lbl.gov/2024/reviews/rpp2024-rev-ckm-matrix.pdf				
pin:wave10|m_mu/m_e	pin	0	206.769638597122	1	m_mu_over_m_e	206.7682827	4.6e-06	4.6e-06	6.55757	294.8	FAIL	0.000655757	PASS	206.768283	AEB2AD (d127c07e 2026-09-14) 206.7696386 z=294.8	formula miss: outside sigma under every pin (best z=294.8); superseded by m_mu_over_m_e	CODATA 2022 "muon-electron mass ratio" https://physics.nist.gov/cuu/Constants/Table/allascii.txt				
pin:wave10|(g-2)/2_electron	pin	0	0.00115965996487795	1	a_e	0.00115965218046	1.8e-13	1.8e-13	6.71272	4.325e+04	FAIL	0.000671272	PASS	0.00115965	AEB2AD (d127c07e 2026-09-14) 0.001159659965 z=4.325e+04	formula miss: outside sigma under every pin (best z=4.325e+04); pin target 0.00115965 is 1.21e+04 sigma off the current reference; superseded by g_e (a_e = |g_e|/2 - 1; the g_e leaf is the record route)	CODATA 2022 "electron mag. mom. anomaly" https://physics.nist.gov/cuu/Constants/Table/allascii.txt				
pin:wave10|eta_baryon_photon	pin	1	6.13974953542555e-10	1	eta_b	6.04e-10	1.2e-11	1.2e-11	16514.8	0.8312	PASS	1.65148	PASS	6.14e-10	AEB2AD (d127c07e 2026-09-14) 6.139749535e-10 z=0.8312		PDG 2024 https://pdg.lbl.gov/2024/reviews/rpp2024-rev-astrophysical-constants.pdf				
pin:lepton_ratios|m_tau/m_e_lepton	pin	0	3477.51317969453	1	m_tau_over_m_e	3477.36526190635	0.176126	0.176126	42.5373	0.8398	PASS	0.00425373	PASS	3477.48	AEB2AD (d127c07e 2026-09-14) 3477.51318 z=0.8398	superseded by m_tau_over_m_e	derived ratio:m_tau_MeV/m_e_MeV from [m_tau_MeV: PDG2024:sum-leptons] [m_e_MeV: CODATA2022]				
pin:lepton_ratios|m_tau/m_mu_lepton	pin	0	16.8172849931228	1	m_tau_over_m_mu	16.8176918449783	0.000851802	0.000851802	24.1919	0.4776	PASS	0.00241919	PASS	16.817	AEB2AD (d127c07e 2026-09-14) 16.81728499 z=0.4776	superseded by wave7|m_tau/m_mu (first occurrence)	derived ratio:m_tau_MeV/m_mu_MeV from [m_tau_MeV: PDG2024:sum-leptons] [m_mu_MeV: CODATA2022]				
pin:lepton_ratios|m_mu/m_e_lepton	pin	0	206.768281922727	1	m_mu_over_m_e	206.7682827	4.6e-06	4.6e-06	0.00375915	0.169	PASS	3.75915e-07	PASS	206.768	AEB2AD (d127c07e 2026-09-14) 206.7682819 z=0.1690	pin target 206.768 is 61.5 sigma off the current reference; superseded by m_mu_over_m_e	CODATA 2022 "muon-electron mass ratio" https://physics.nist.gov/cuu/Constants/Table/allascii.txt				
pin:predictions|CMB_tau	pin	0	0.0539995112799474	1	tau_reion	0.054	0.007	0.007	9.05037	6.982e-05	PASS	0.000905037	PASS	0.054	AEB2AD (d127c07e 2026-09-14) 0.05399951128 z=0.0001	superseded by wave2|tau_reion (first occurrence)	PDG 2024 https://pdg.lbl.gov/2024/reviews/rpp2024-rev-astrophysical-constants.pdf				
