# generated by tools/score_refinements_2026_10_02b.py; freeze docs/freezes/REFINEMENTS_2026-10-02b.json committed before scoring
#section	id	item	formula	value	ref_key	central	sigma	z	z<=1	note
fix	F1	H0	100(1+S_cosm*A_bleed/A_in)	68.4449955638267	H0_CMB_BAO	68.43	0.27	0.0555391	PASS	scored reference
alternate	F1	H0	100(1+S_cosm*A_bleed/A_in)	68.4449955638267	H0	67.4	0.5	2.08999	FAIL	printed, not scored
alternate	F1	H0	100(1+S_cosm*A_bleed/A_in)	68.4449955638267	H0_SH0ES	73.0	1.0	4.555	FAIL	printed, not scored
held_out	F1	H0	100(1+S_cosm*A_bleed/A_in)	68.4449955638267	H0_PACT_LB_DR1	68.22	0.36	0.624988	PASS	
held_out	F1	H0	100(1+S_cosm*A_bleed/A_in)	68.4449955638267	H0_PACT	67.62	0.5	1.64999	FAIL	
fix	F2	alpha_s(M_Z)	2*(POOF/psi_con)^2	0.117908816617884	alpha_s_MZ	0.118	0.0009	0.101315	PASS	scored reference
alternate	F2	alpha_s(M_Z)	1/(e*pi) (wave1 pin)	0.117099663048638	alpha_s_MZ	0.118	0.0009	1.00037	FAIL	printed, not scored
held_out	F2	alpha_s(M_Z)	2*(POOF/psi_con)^2	0.117908816617884	alpha_s_MZ_nolattice	0.1175	0.001	0.408817	PASS	input to the PDG average; correlated
held_out	F2	alpha_s(M_Z)	2*(POOF/psi_con)^2	0.117908816617884	alpha_s_MZ_FLAG2021	0.1184	0.0008	0.613979	PASS	input to the PDG average; correlated
candidate	C-MHW-1	m_H/m_W	leaf m_H / leaf m_W	1.55729801381558	m_H_over_m_W	1.5578107036	0.00139275	0.368113	PASS	chosen (S1)
candidate	C-MHW-2	m_H/m_W	1/(3 P_new (1-C_factor))	1.55813359128402	m_H_over_m_W	1.5578107036	0.00139275	0.231835	PASS	not chosen
held_out	C-MHW-1	m_H/m_Z	leaf m_H / leaf m_Z	1.37253763597944	m_H_over_m_Z	1.37298767382	0.00120667	0.372957	PASS	sibling
held_out	C-MHW-1	m_H/m_t	leaf m_H / (leaf m_t/m_W * leaf m_W)	0.72440352354575	m_H_over_m_t	0.725502694559	0.00137577	0.798952	PASS	sibling
candidate	C-DM-1	Dm2_21/Dm2_32	(POOF G P_new)^3 / [(G SUCTION)^3 (1+yy)]	0.030787593346332	dm2_21_over_dm2_32	0.0306720977597	0.000812377	0.14217	PASS	chosen (S1)
held_out	C-DM-1	Dm2_21	(POOF G P_new)^3	7.52467124536458e-5	dm2_21	7.53e-5	1.8e-6	0.0296042	PASS	sibling
held_out	C-DM-1	Dm2_21/Dm2_31 (convention check)	same value	0.030787593346332	dm2_21/(dm2_32+dm2_21)	0.029759317077	0.000764744	1.3446	FAIL	normal ordering, PDG 2024 inputs; not the row's label
bare	C-TCMB	T_CMB	pin AEB2AD closed form	2.72471169034307	T0_K	2.7255	0.0006	1.31385	FAIL	status quo
candidate	C-TCMB	T_CMB	bare*(1+yy*1)	2.72609931538602	T0_K	2.7255	0.0006	0.998859	PASS	chosen (S2)
bare	C-GZ	Gamma_Z/M_Z	pin AEB2AD closed form	0.0274897828876688	Gamma_Z_over_M_Z	0.0273665394569	2.52298e-5	4.88484	FAIL	status quo
candidate	C-GZ	Gamma_Z/M_Z	bare*(1+yy*1)	0.0275037827215945	Gamma_Z_over_M_Z	0.0273665394569	2.52298e-5	5.43974	FAIL	chosen (S2)
bare	C-BD	Deuteron_binding	pin AEB2AD closed form	2.22456464846253	B_H2_MeV	2.224566229	4.4e-7	3.59213	FAIL	status quo
candidate	C-BD	Deuteron_binding	bare*(1+yy*gamma*psi_con^2)	2.22482594553556	B_H2_MeV	2.224566229	4.4e-7	590.265	FAIL	chosen (S2)
bare	C-MUD	Deuteron_mu	pin AEB2AD closed form	0.857391418128038	mu_d_over_mu_N	0.8574382335	2.2e-9	21279.7	FAIL	status quo
candidate	C-MUD	Deuteron_mu	bare*(1+yy*1)	0.857828065354834	mu_d_over_mu_N	0.8574382335	2.2e-9	177196.0	FAIL	chosen (S2)
family	C-TCMB	T_CMB	bare*(1+alpha*1)	2.74459487218526	T0_K	2.7255	0.0006	31.8248	FAIL	
family	C-TCMB	T_CMB	bare*(1-alpha*1)	2.70482850850087	T0_K	2.7255	0.0006	34.4525	FAIL	
family	C-TCMB	T_CMB	bare*(1+alpha*e)	2.77875978223665	T0_K	2.7255	0.0006	88.7663	FAIL	
family	C-TCMB	T_CMB	bare*(1-alpha*e)	2.67066359844949	T0_K	2.7255	0.0006	91.394	FAIL	
family	C-TCMB	T_CMB	bare*(1+alpha*phi)	2.75688335436823	T0_K	2.7255	0.0006	52.3056	FAIL	
family	C-TCMB	T_CMB	bare*(1-alpha*phi)	2.6925400263179	T0_K	2.7255	0.0006	54.9333	FAIL	
family	C-TCMB	T_CMB	bare*(1+alpha*sqrt(e))	2.75749351517549	T0_K	2.7255	0.0006	53.3225	FAIL	
family	C-TCMB	T_CMB	bare*(1-alpha*sqrt(e))	2.69192986551064	T0_K	2.7255	0.0006	55.9502	FAIL	
family	C-TCMB	T_CMB	bare*(1+alpha*sqrt(phi))	2.7500034883412	T0_K	2.7255	0.0006	40.8391	FAIL	
family	C-TCMB	T_CMB	bare*(1-alpha*sqrt(phi))	2.69941989234494	T0_K	2.7255	0.0006	43.4668	FAIL	
family	C-TCMB	T_CMB	bare*(1+alpha*gamma)	2.73618857437047	T0_K	2.7255	0.0006	17.8143	FAIL	
family	C-TCMB	T_CMB	bare*(1-alpha*gamma)	2.71323480631567	T0_K	2.7255	0.0006	20.442	FAIL	
family	C-TCMB	T_CMB	bare*(1+alpha*G)	2.74292400081328	T0_K	2.7255	0.0006	29.04	FAIL	
family	C-TCMB	T_CMB	bare*(1-alpha*G)	2.70649937987285	T0_K	2.7255	0.0006	31.6677	FAIL	
family	C-TCMB	T_CMB	bare*(1+alpha*psi_con)	2.73728025836044	T0_K	2.7255	0.0006	19.6338	FAIL	
family	C-TCMB	T_CMB	bare*(1-alpha*psi_con)	2.71214312232569	T0_K	2.7255	0.0006	22.2615	FAIL	
family	C-TCMB	T_CMB	bare*(1+alpha*1/phi)	2.73700017252604	T0_K	2.7255	0.0006	19.167	FAIL	
family	C-TCMB	T_CMB	bare*(1-alpha*1/phi)	2.7124232081601	T0_K	2.7255	0.0006	21.7947	FAIL	
family	C-TCMB	T_CMB	bare*(1+alpha*pi^{-4})	2.72491581073502	T0_K	2.7255	0.0006	0.973649	PASS	
family	C-TCMB	T_CMB	bare*(1-alpha*pi^{-4})	2.72450756995111	T0_K	2.7255	0.0006	1.65405	FAIL	
family	C-TCMB	T_CMB	bare*(1+alpha*e^{-4})	2.72507586352165	T0_K	2.7255	0.0006	0.706894	PASS	
family	C-TCMB	T_CMB	bare*(1-alpha*e^{-4})	2.72434751716449	T0_K	2.7255	0.0006	1.9208	FAIL	
family	C-TCMB	T_CMB	bare*(1+alpha*pi+P_base)	2.79139865803088	T0_K	2.7255	0.0006	109.831	FAIL	
family	C-TCMB	T_CMB	bare*(1-alpha*pi+P_base)	2.65802472265525	T0_K	2.7255	0.0006	112.459	FAIL	
family	C-TCMB	T_CMB	bare*(1+alpha*gamma*psi_con^2)	2.72929758235621	T0_K	2.7255	0.0006	6.3293	FAIL	
family	C-TCMB	T_CMB	bare*(1-alpha*gamma*psi_con^2)	2.72012579832992	T0_K	2.7255	0.0006	8.957	FAIL	
family	C-TCMB	T_CMB	bare*(1+alpha^2*1)	2.72485678493108	T0_K	2.7255	0.0006	1.07203	FAIL	
family	C-TCMB	T_CMB	bare*(1-alpha^2*1)	2.72456659575505	T0_K	2.7255	0.0006	1.55567	FAIL	
family	C-TCMB	T_CMB	bare*(1+alpha^2*e)	2.72510609832507	T0_K	2.7255	0.0006	0.656503	PASS	
family	C-TCMB	T_CMB	bare*(1-alpha^2*e)	2.72431728236106	T0_K	2.7255	0.0006	1.9712	FAIL	
family	C-TCMB	T_CMB	bare*(1+alpha^2*phi)	2.72494645831806	T0_K	2.7255	0.0006	0.922569	PASS	
family	C-TCMB	T_CMB	bare*(1-alpha^2*phi)	2.72447692236807	T0_K	2.7255	0.0006	1.70513	FAIL	
family	C-TCMB	T_CMB	bare*(1+alpha^2*sqrt(e))	2.72495091087659	T0_K	2.7255	0.0006	0.915149	PASS	
family	C-TCMB	T_CMB	bare*(1-alpha^2*sqrt(e))	2.72447246980954	T0_K	2.7255	0.0006	1.71255	FAIL	
family	C-TCMB	T_CMB	bare*(1+alpha^2*sqrt(phi))	2.72489625351006	T0_K	2.7255	0.0006	1.00624	FAIL	
family	C-TCMB	T_CMB	bare*(1-alpha^2*sqrt(phi))	2.72452712717607	T0_K	2.7255	0.0006	1.62145	FAIL	
family	C-TCMB	T_CMB	bare*(1+alpha^2*gamma)	2.72479544121216	T0_K	2.7255	0.0006	1.17426	FAIL	
family	C-TCMB	T_CMB	bare*(1-alpha^2*gamma)	2.72462793947397	T0_K	2.7255	0.0006	1.45343	FAIL	
family	C-TCMB	T_CMB	bare*(1+alpha^2*G)	2.72484459199359	T0_K	2.7255	0.0006	1.09235	FAIL	
family	C-TCMB	T_CMB	bare*(1-alpha^2*G)	2.72457878869254	T0_K	2.7255	0.0006	1.53535	FAIL	
family	C-TCMB	T_CMB	bare*(1+alpha^2*psi_con)	2.72480340761513	T0_K	2.7255	0.0006	1.16099	FAIL	
family	C-TCMB	T_CMB	bare*(1-alpha^2*psi_con)	2.72461997307101	T0_K	2.7255	0.0006	1.46671	FAIL	
family	C-TCMB	T_CMB	bare*(1+alpha^2*1/phi)	2.72480136373004	T0_K	2.7255	0.0006	1.16439	FAIL	
family	C-TCMB	T_CMB	bare*(1-alpha^2*1/phi)	2.72462201695609	T0_K	2.7255	0.0006	1.46331	FAIL	
family	C-TCMB	T_CMB	bare*(1+alpha^2*pi^{-4})	2.72471317988153	T0_K	2.7255	0.0006	1.31137	FAIL	
family	C-TCMB	T_CMB	bare*(1-alpha^2*pi^{-4})	2.7247102008046	T0_K	2.7255	0.0006	1.31633	FAIL	
family	C-TCMB	T_CMB	bare*(1+alpha^2*e^{-4})	2.72471434784314	T0_K	2.7255	0.0006	1.30942	FAIL	
family	C-TCMB	T_CMB	bare*(1-alpha^2*e^{-4})	2.72470903284299	T0_K	2.7255	0.0006	1.31828	FAIL	
family	C-TCMB	T_CMB	bare*(1+alpha^2*pi+P_base)	2.72519832865777	T0_K	2.7255	0.0006	0.502786	PASS	
family	C-TCMB	T_CMB	bare*(1-alpha^2*pi+P_base)	2.72422505202836	T0_K	2.7255	0.0006	2.12491	FAIL	
family	C-TCMB	T_CMB	bare*(1+alpha^2*gamma*psi_con^2)	2.72474515521391	T0_K	2.7255	0.0006	1.25807	FAIL	
family	C-TCMB	T_CMB	bare*(1-alpha^2*gamma*psi_con^2)	2.72467822547222	T0_K	2.7255	0.0006	1.36962	FAIL	
family	C-TCMB	T_CMB	bare*(1+alpha^3*1)	2.72471274914943	T0_K	2.7255	0.0006	1.31208	FAIL	
family	C-TCMB	T_CMB	bare*(1-alpha^3*1)	2.7247106315367	T0_K	2.7255	0.0006	1.31561	FAIL	
family	C-TCMB	T_CMB	bare*(1+alpha^3*e)	2.72471456847717	T0_K	2.7255	0.0006	1.30905	FAIL	
family	C-TCMB	T_CMB	bare*(1-alpha^3*e)	2.72470881220897	T0_K	2.7255	0.0006	1.31865	FAIL	
family	C-TCMB	T_CMB	bare*(1+alpha^3*phi)	2.72471340352775	T0_K	2.7255	0.0006	1.31099	FAIL	
family	C-TCMB	T_CMB	bare*(1-alpha^3*phi)	2.72470997715838	T0_K	2.7255	0.0006	1.3167	FAIL	
family	C-TCMB	T_CMB	bare*(1+alpha^3*sqrt(e))	2.72471343601964	T0_K	2.7255	0.0006	1.31094	FAIL	
family	C-TCMB	T_CMB	bare*(1-alpha^3*sqrt(e))	2.72470994466649	T0_K	2.7255	0.0006	1.31676	FAIL	
family	C-TCMB	T_CMB	bare*(1+alpha^3*sqrt(phi))	2.72471303716557	T0_K	2.7255	0.0006	1.3116	FAIL	
family	C-TCMB	T_CMB	bare*(1-alpha^3*sqrt(phi))	2.72471034352057	T0_K	2.7255	0.0006	1.31609	FAIL	
family	C-TCMB	T_CMB	bare*(1+alpha^3*gamma)	2.72471230150269	T0_K	2.7255	0.0006	1.31283	FAIL	
family	C-TCMB	T_CMB	bare*(1-alpha^3*gamma)	2.72471107918345	T0_K	2.7255	0.0006	1.31487	FAIL	
family	C-TCMB	T_CMB	bare*(1+alpha^3*G)	2.72471266017327	T0_K	2.7255	0.0006	1.31223	FAIL	
family	C-TCMB	T_CMB	bare*(1-alpha^3*G)	2.72471072051287	T0_K	2.7255	0.0006	1.31547	FAIL	
family	C-TCMB	T_CMB	bare*(1+alpha^3*psi_con)	2.72471235963634	T0_K	2.7255	0.0006	1.31273	FAIL	
family	C-TCMB	T_CMB	bare*(1-alpha^3*psi_con)	2.7247110210498	T0_K	2.7255	0.0006	1.31496	FAIL	
family	C-TCMB	T_CMB	bare*(1+alpha^3*1/phi)	2.72471234472139	T0_K	2.7255	0.0006	1.31276	FAIL	
family	C-TCMB	T_CMB	bare*(1-alpha^3*1/phi)	2.72471103596475	T0_K	2.7255	0.0006	1.31494	FAIL	
family	C-TCMB	T_CMB	bare*(1+alpha^3*pi^{-4})	2.72471170121275	T0_K	2.7255	0.0006	1.31383	FAIL	
family	C-TCMB	T_CMB	bare*(1-alpha^3*pi^{-4})	2.72471167947338	T0_K	2.7255	0.0006	1.31387	FAIL	
family	C-TCMB	T_CMB	bare*(1+alpha^3*e^{-4})	2.72471170973578	T0_K	2.7255	0.0006	1.31382	FAIL	
family	C-TCMB	T_CMB	bare*(1-alpha^3*e^{-4})	2.72471167095035	T0_K	2.7255	0.0006	1.31388	FAIL	
family	C-TCMB	T_CMB	bare*(1+alpha^3*pi+P_base)	2.72471524151442	T0_K	2.7255	0.0006	1.30793	FAIL	
family	C-TCMB	T_CMB	bare*(1-alpha^3*pi+P_base)	2.72470813917171	T0_K	2.7255	0.0006	1.31977	FAIL	
family	C-TCMB	T_CMB	bare*(1+alpha^3*gamma*psi_con^2)	2.72471193454803	T0_K	2.7255	0.0006	1.31344	FAIL	
family	C-TCMB	T_CMB	bare*(1-alpha^3*gamma*psi_con^2)	2.72471144613811	T0_K	2.7255	0.0006	1.31426	FAIL	
family	C-TCMB	T_CMB	bare*(1+yy*1)	2.72609931538602	T0_K	2.7255	0.0006	0.998859	PASS	
family	C-TCMB	T_CMB	bare*(1-yy*1)	2.72332406530011	T0_K	2.7255	0.0006	3.62656	FAIL	
family	C-TCMB	T_CMB	bare*(1+yy*e)	2.72848364628204	T0_K	2.7255	0.0006	4.97274	FAIL	
family	C-TCMB	T_CMB	bare*(1-yy*e)	2.7209397344041	T0_K	2.7255	0.0006	7.60044	FAIL	
family	C-TCMB	T_CMB	bare*(1+yy*phi)	2.7269569148262	T0_K	2.7255	0.0006	2.42819	FAIL	
family	C-TCMB	T_CMB	bare*(1-yy*phi)	2.72246646585993	T0_K	2.7255	0.0006	5.05589	FAIL	
family	C-TCMB	T_CMB	bare*(1+yy*sqrt(e))	2.72699949726714	T0_K	2.7255	0.0006	2.49916	FAIL	
family	C-TCMB	T_CMB	bare*(1-yy*sqrt(e))	2.722423883419	T0_K	2.7255	0.0006	5.12686	FAIL	
family	C-TCMB	T_CMB	bare*(1+yy*sqrt(phi))	2.72647677666386	T0_K	2.7255	0.0006	1.62796	FAIL	
family	C-TCMB	T_CMB	bare*(1-yy*sqrt(phi))	2.72294660402227	T0_K	2.7255	0.0006	4.25566	FAIL	
family	C-TCMB	T_CMB	bare*(1+yy*gamma)	2.72551264925487	T0_K	2.7255	0.0006	0.0210821	PASS	
family	C-TCMB	T_CMB	bare*(1-yy*gamma)	2.72391073143126	T0_K	2.7255	0.0006	2.64878	FAIL	
family	C-TCMB	T_CMB	bare*(1+yy*G)	2.72598270714003	T0_K	2.7255	0.0006	0.804512	PASS	
family	C-TCMB	T_CMB	bare*(1-yy*G)	2.7234406735461	T0_K	2.7255	0.0006	3.43221	FAIL	
family	C-TCMB	T_CMB	bare*(1+yy*psi_con)	2.72558883666066	T0_K	2.7255	0.0006	0.148061	PASS	
family	C-TCMB	T_CMB	bare*(1-yy*psi_con)	2.72383454402547	T0_K	2.7255	0.0006	2.77576	FAIL	
family	C-TCMB	T_CMB	bare*(1+yy*1/phi)	2.72556928978325	T0_K	2.7255	0.0006	0.115483	PASS	
family	C-TCMB	T_CMB	bare*(1-yy*1/phi)	2.72385409090288	T0_K	2.7255	0.0006	2.74318	FAIL	
family	C-TCMB	T_CMB	bare*(1+yy*pi^{-4})	2.72472593567713	T0_K	2.7255	0.0006	1.29011	FAIL	
family	C-TCMB	T_CMB	bare*(1-yy*pi^{-4})	2.724697445009	T0_K	2.7255	0.0006	1.33759	FAIL	
family	C-TCMB	T_CMB	bare*(1+yy*e^{-4})	2.72473710558227	T0_K	2.7255	0.0006	1.27149	FAIL	
family	C-TCMB	T_CMB	bare*(1-yy*e^{-4})	2.72468627510387	T0_K	2.7255	0.0006	1.35621	FAIL	
family	C-TCMB	T_CMB	bare*(1+yy*pi+P_base)	2.72936569930082	T0_K	2.7255	0.0006	6.44283	FAIL	
family	C-TCMB	T_CMB	bare*(1-yy*pi+P_base)	2.72005768138532	T0_K	2.7255	0.0006	9.07053	FAIL	
family	C-TCMB	T_CMB	bare*(1+yy*gamma*psi_con^2)	2.72503173462231	T0_K	2.7255	0.0006	0.780442	PASS	
family	C-TCMB	T_CMB	bare*(1-yy*gamma*psi_con^2)	2.72439164606382	T0_K	2.7255	0.0006	1.84726	FAIL	
family	C-GZ	Gamma_Z/M_Z	bare*(1+alpha*1)	0.0276903855253333	Gamma_Z_over_M_Z	0.0273665394569	2.52298e-5	12.8359	FAIL	
family	C-GZ	Gamma_Z/M_Z	bare*(1-alpha*1)	0.0272891802500044	Gamma_Z_over_M_Z	0.0273665394569	2.52298e-5	3.06619	FAIL	
family	C-GZ	Gamma_Z/M_Z	bare*(1+alpha*e)	0.028035077392373	Gamma_Z_over_M_Z	0.0273665394569	2.52298e-5	26.498	FAIL	
family	C-GZ	Gamma_Z/M_Z	bare*(1-alpha*e)	0.0269444883829647	Gamma_Z_over_M_Z	0.0273665394569	2.52298e-5	16.7283	FAIL	
family	C-GZ	Gamma_Z/M_Z	bare*(1+alpha*phi)	0.0278143647736428	Gamma_Z_over_M_Z	0.0273665394569	2.52298e-5	17.7499	FAIL	
family	C-GZ	Gamma_Z/M_Z	bare*(1-alpha*phi)	0.0271652010016949	Gamma_Z_over_M_Z	0.0273665394569	2.52298e-5	7.9802	FAIL	
family	C-GZ	Gamma_Z/M_Z	bare*(1+alpha*sqrt(e))	0.0278205207233447	Gamma_Z_over_M_Z	0.0273665394569	2.52298e-5	17.9939	FAIL	
family	C-GZ	Gamma_Z/M_Z	bare*(1-alpha*sqrt(e))	0.0271590450519929	Gamma_Z_over_M_Z	0.0273665394569	2.52298e-5	8.22419	FAIL	
family	C-GZ	Gamma_Z/M_Z	bare*(1+alpha*sqrt(phi))	0.0277449533845223	Gamma_Z_over_M_Z	0.0273665394569	2.52298e-5	14.9987	FAIL	
family	C-GZ	Gamma_Z/M_Z	bare*(1-alpha*sqrt(phi))	0.0272346123908153	Gamma_Z_over_M_Z	0.0273665394569	2.52298e-5	5.22903	FAIL	
family	C-GZ	Gamma_Z/M_Z	bare*(1+alpha*gamma)	0.0276055738725493	Gamma_Z_over_M_Z	0.0273665394569	2.52298e-5	9.4743	FAIL	
family	C-GZ	Gamma_Z/M_Z	bare*(1-alpha*gamma)	0.0273739919027884	Gamma_Z_over_M_Z	0.0273665394569	2.52298e-5	0.295383	PASS	
family	C-GZ	Gamma_Z/M_Z	bare*(1+alpha*G)	0.0276735280018707	Gamma_Z_over_M_Z	0.0273665394569	2.52298e-5	12.1677	FAIL	
family	C-GZ	Gamma_Z/M_Z	bare*(1-alpha*G)	0.027306037773467	Gamma_Z_over_M_Z	0.0273665394569	2.52298e-5	2.39803	FAIL	
family	C-GZ	Gamma_Z/M_Z	bare*(1+alpha*psi_con)	0.0276165879390918	Gamma_Z_over_M_Z	0.0273665394569	2.52298e-5	9.91086	FAIL	
family	C-GZ	Gamma_Z/M_Z	bare*(1-alpha*psi_con)	0.0273629778362459	Gamma_Z_over_M_Z	0.0273665394569	2.52298e-5	0.141167	PASS	
family	C-GZ	Gamma_Z/M_Z	bare*(1+alpha*1/phi)	0.0276137621359783	Gamma_Z_over_M_Z	0.0273665394569	2.52298e-5	9.79885	FAIL	
family	C-GZ	Gamma_Z/M_Z	bare*(1-alpha*1/phi)	0.0273658036393593	Gamma_Z_over_M_Z	0.0273665394569	2.52298e-5	0.0291647	PASS	
family	C-GZ	Gamma_Z/M_Z	bare*(1+alpha*pi^{-4})	0.0274918422707873	Gamma_Z_over_M_Z	0.0273665394569	2.52298e-5	4.96647	FAIL	
family	C-GZ	Gamma_Z/M_Z	bare*(1-alpha*pi^{-4})	0.0274877235045503	Gamma_Z_over_M_Z	0.0273665394569	2.52298e-5	4.80322	FAIL	
family	C-GZ	Gamma_Z/M_Z	bare*(1+alpha*e^{-4})	0.0274934570531404	Gamma_Z_over_M_Z	0.0273665394569	2.52298e-5	5.03047	FAIL	
family	C-GZ	Gamma_Z/M_Z	bare*(1-alpha*e^{-4})	0.0274861087221972	Gamma_Z_over_M_Z	0.0273665394569	2.52298e-5	4.73922	FAIL	
family	C-GZ	Gamma_Z/M_Z	bare*(1+alpha*pi+P_base)	0.0281625917832567	Gamma_Z_over_M_Z	0.0273665394569	2.52298e-5	31.5521	FAIL	
family	C-GZ	Gamma_Z/M_Z	bare*(1-alpha*pi+P_base)	0.026816973992081	Gamma_Z_over_M_Z	0.0273665394569	2.52298e-5	21.7824	FAIL	
family	C-GZ	Gamma_Z/M_Z	bare*(1+alpha*gamma*psi_con^2)	0.0275360502326633	Gamma_Z_over_M_Z	0.0273665394569	2.52298e-5	6.71868	FAIL	
family	C-GZ	Gamma_Z/M_Z	bare*(1-alpha*gamma*psi_con^2)	0.0274435155426744	Gamma_Z_over_M_Z	0.0273665394569	2.52298e-5	3.051	FAIL	
family	C-GZ	Gamma_Z/M_Z	bare*(1+alpha^2*1)	0.0274912467558413	Gamma_Z_over_M_Z	0.0273665394569	2.52298e-5	4.94287	FAIL	
family	C-GZ	Gamma_Z/M_Z	bare*(1-alpha^2*1)	0.0274883190194963	Gamma_Z_over_M_Z	0.0273665394569	2.52298e-5	4.82682	FAIL	
family	C-GZ	Gamma_Z/M_Z	bare*(1+alpha^2*e)	0.0274937620939214	Gamma_Z_over_M_Z	0.0273665394569	2.52298e-5	5.04256	FAIL	
family	C-GZ	Gamma_Z/M_Z	bare*(1-alpha^2*e)	0.0274858036814163	Gamma_Z_over_M_Z	0.0273665394569	2.52298e-5	4.72713	FAIL	
family	C-GZ	Gamma_Z/M_Z	bare*(1+alpha^2*phi)	0.027492151476127	Gamma_Z_over_M_Z	0.0273665394569	2.52298e-5	4.97872	FAIL	
family	C-GZ	Gamma_Z/M_Z	bare*(1-alpha^2*phi)	0.0274874142992107	Gamma_Z_over_M_Z	0.0273665394569	2.52298e-5	4.79096	FAIL	
family	C-GZ	Gamma_Z/M_Z	bare*(1+alpha^2*sqrt(e))	0.0274921963982623	Gamma_Z_over_M_Z	0.0273665394569	2.52298e-5	4.98051	FAIL	
family	C-GZ	Gamma_Z/M_Z	bare*(1-alpha^2*sqrt(e))	0.0274873693770753	Gamma_Z_over_M_Z	0.0273665394569	2.52298e-5	4.78918	FAIL	
family	C-GZ	Gamma_Z/M_Z	bare*(1+alpha^2*sqrt(phi))	0.0274916449567485	Gamma_Z_over_M_Z	0.0273665394569	2.52298e-5	4.95865	FAIL	
family	C-GZ	Gamma_Z/M_Z	bare*(1-alpha^2*sqrt(phi))	0.0274879208185891	Gamma_Z_over_M_Z	0.0273665394569	2.52298e-5	4.81104	FAIL	
family	C-GZ	Gamma_Z/M_Z	bare*(1+alpha^2*gamma)	0.0274906278553093	Gamma_Z_over_M_Z	0.0273665394569	2.52298e-5	4.91833	FAIL	
family	C-GZ	Gamma_Z/M_Z	bare*(1-alpha^2*gamma)	0.0274889379200283	Gamma_Z_over_M_Z	0.0273665394569	2.52298e-5	4.85135	FAIL	
family	C-GZ	Gamma_Z/M_Z	bare*(1+alpha^2*G)	0.0274911237405492	Gamma_Z_over_M_Z	0.0273665394569	2.52298e-5	4.93799	FAIL	
family	C-GZ	Gamma_Z/M_Z	bare*(1-alpha^2*G)	0.0274884420347884	Gamma_Z_over_M_Z	0.0273665394569	2.52298e-5	4.8317	FAIL	
family	C-GZ	Gamma_Z/M_Z	bare*(1+alpha^2*psi_con)	0.0274907082288361	Gamma_Z_over_M_Z	0.0273665394569	2.52298e-5	4.92152	FAIL	
family	C-GZ	Gamma_Z/M_Z	bare*(1-alpha^2*psi_con)	0.0274888575465016	Gamma_Z_over_M_Z	0.0273665394569	2.52298e-5	4.84817	FAIL	
family	C-GZ	Gamma_Z/M_Z	bare*(1+alpha^2*1/phi)	0.0274906876079545	Gamma_Z_over_M_Z	0.0273665394569	2.52298e-5	4.9207	FAIL	
family	C-GZ	Gamma_Z/M_Z	bare*(1-alpha^2*1/phi)	0.0274888781673832	Gamma_Z_over_M_Z	0.0273665394569	2.52298e-5	4.84898	FAIL	
family	C-GZ	Gamma_Z/M_Z	bare*(1+alpha^2*pi^{-4})	0.0274897979157135	Gamma_Z_over_M_Z	0.0273665394569	2.52298e-5	4.88544	FAIL	
family	C-GZ	Gamma_Z/M_Z	bare*(1-alpha^2*pi^{-4})	0.0274897678596242	Gamma_Z_over_M_Z	0.0273665394569	2.52298e-5	4.88425	FAIL	
family	C-GZ	Gamma_Z/M_Z	bare*(1+alpha^2*e^{-4})	0.0274898096993497	Gamma_Z_over_M_Z	0.0273665394569	2.52298e-5	4.88591	FAIL	
family	C-GZ	Gamma_Z/M_Z	bare*(1-alpha^2*e^{-4})	0.027489756075988	Gamma_Z_over_M_Z	0.0273665394569	2.52298e-5	4.88378	FAIL	
family	C-GZ	Gamma_Z/M_Z	bare*(1+alpha^2*pi+P_base)	0.0274946926113888	Gamma_Z_over_M_Z	0.0273665394569	2.52298e-5	5.07944	FAIL	
family	C-GZ	Gamma_Z/M_Z	bare*(1-alpha^2*pi+P_base)	0.0274848731639489	Gamma_Z_over_M_Z	0.0273665394569	2.52298e-5	4.69024	FAIL	
family	C-GZ	Gamma_Z/M_Z	bare*(1+alpha^2*gamma*psi_con^2)	0.0274901205167975	Gamma_Z_over_M_Z	0.0273665394569	2.52298e-5	4.89823	FAIL	
family	C-GZ	Gamma_Z/M_Z	bare*(1-alpha^2*gamma*psi_con^2)	0.0274894452585402	Gamma_Z_over_M_Z	0.0273665394569	2.52298e-5	4.87146	FAIL	
family	C-GZ	Gamma_Z/M_Z	bare*(1+alpha^3*1)	0.027489793570031	Gamma_Z_over_M_Z	0.0273665394569	2.52298e-5	4.88527	FAIL	
family	C-GZ	Gamma_Z/M_Z	bare*(1-alpha^3*1)	0.0274897722053067	Gamma_Z_over_M_Z	0.0273665394569	2.52298e-5	4.88442	FAIL	
family	C-GZ	Gamma_Z/M_Z	bare*(1+alpha^3*e)	0.0274898119253398	Gamma_Z_over_M_Z	0.0273665394569	2.52298e-5	4.88599	FAIL	
family	C-GZ	Gamma_Z/M_Z	bare*(1-alpha^3*e)	0.0274897538499979	Gamma_Z_over_M_Z	0.0273665394569	2.52298e-5	4.88369	FAIL	
family	C-GZ	Gamma_Z/M_Z	bare*(1+alpha^3*phi)	0.0274898001720939	Gamma_Z_over_M_Z	0.0273665394569	2.52298e-5	4.88553	FAIL	
family	C-GZ	Gamma_Z/M_Z	bare*(1-alpha^3*phi)	0.0274897656032438	Gamma_Z_over_M_Z	0.0273665394569	2.52298e-5	4.88416	FAIL	
family	C-GZ	Gamma_Z/M_Z	bare*(1+alpha^3*sqrt(e))	0.0274898004999066	Gamma_Z_over_M_Z	0.0273665394569	2.52298e-5	4.88554	FAIL	
family	C-GZ	Gamma_Z/M_Z	bare*(1-alpha^3*sqrt(e))	0.0274897652754311	Gamma_Z_over_M_Z	0.0273665394569	2.52298e-5	4.88415	FAIL	
family	C-GZ	Gamma_Z/M_Z	bare*(1+alpha^3*sqrt(phi))	0.0274897964758434	Gamma_Z_over_M_Z	0.0273665394569	2.52298e-5	4.88538	FAIL	
family	C-GZ	Gamma_Z/M_Z	bare*(1-alpha^3*sqrt(phi))	0.0274897692994943	Gamma_Z_over_M_Z	0.0273665394569	2.52298e-5	4.88431	FAIL	
family	C-GZ	Gamma_Z/M_Z	bare*(1+alpha^3*gamma)	0.0274897890536956	Gamma_Z_over_M_Z	0.0273665394569	2.52298e-5	4.88509	FAIL	
family	C-GZ	Gamma_Z/M_Z	bare*(1-alpha^3*gamma)	0.0274897767216421	Gamma_Z_over_M_Z	0.0273665394569	2.52298e-5	4.8846	FAIL	
family	C-GZ	Gamma_Z/M_Z	bare*(1+alpha^3*G)	0.027489792672345	Gamma_Z_over_M_Z	0.0273665394569	2.52298e-5	4.88523	FAIL	
family	C-GZ	Gamma_Z/M_Z	bare*(1-alpha^3*G)	0.0274897731029926	Gamma_Z_over_M_Z	0.0273665394569	2.52298e-5	4.88446	FAIL	
family	C-GZ	Gamma_Z/M_Z	bare*(1+alpha^3*psi_con)	0.0274897896402096	Gamma_Z_over_M_Z	0.0273665394569	2.52298e-5	4.88511	FAIL	
family	C-GZ	Gamma_Z/M_Z	bare*(1-alpha^3*psi_con)	0.0274897761351281	Gamma_Z_over_M_Z	0.0273665394569	2.52298e-5	4.88458	FAIL	
family	C-GZ	Gamma_Z/M_Z	bare*(1+alpha^3*1/phi)	0.0274897894897317	Gamma_Z_over_M_Z	0.0273665394569	2.52298e-5	4.88511	FAIL	
family	C-GZ	Gamma_Z/M_Z	bare*(1-alpha^3*1/phi)	0.0274897762856059	Gamma_Z_over_M_Z	0.0273665394569	2.52298e-5	4.88458	FAIL	
family	C-GZ	Gamma_Z/M_Z	bare*(1+alpha^3*pi^{-4})	0.0274897829973338	Gamma_Z_over_M_Z	0.0273665394569	2.52298e-5	4.88485	FAIL	
family	C-GZ	Gamma_Z/M_Z	bare*(1-alpha^3*pi^{-4})	0.0274897827780039	Gamma_Z_over_M_Z	0.0273665394569	2.52298e-5	4.88484	FAIL	
family	C-GZ	Gamma_Z/M_Z	bare*(1+alpha^3*e^{-4})	0.0274897830833231	Gamma_Z_over_M_Z	0.0273665394569	2.52298e-5	4.88485	FAIL	
family	C-GZ	Gamma_Z/M_Z	bare*(1-alpha^3*e^{-4})	0.0274897826920145	Gamma_Z_over_M_Z	0.0273665394569	2.52298e-5	4.88484	FAIL	
family	C-GZ	Gamma_Z/M_Z	bare*(1+alpha^3*pi+P_base)	0.0274898187156538	Gamma_Z_over_M_Z	0.0273665394569	2.52298e-5	4.88626	FAIL	
family	C-GZ	Gamma_Z/M_Z	bare*(1-alpha^3*pi+P_base)	0.0274897470596839	Gamma_Z_over_M_Z	0.0273665394569	2.52298e-5	4.88342	FAIL	
family	C-GZ	Gamma_Z/M_Z	bare*(1+alpha^3*gamma*psi_con^2)	0.0274897853514676	Gamma_Z_over_M_Z	0.0273665394569	2.52298e-5	4.88494	FAIL	
family	C-GZ	Gamma_Z/M_Z	bare*(1-alpha^3*gamma*psi_con^2)	0.02748978042387	Gamma_Z_over_M_Z	0.0273665394569	2.52298e-5	4.88475	FAIL	
family	C-GZ	Gamma_Z/M_Z	bare*(1+yy*1)	0.0275037827215945	Gamma_Z_over_M_Z	0.0273665394569	2.52298e-5	5.43974	FAIL	
family	C-GZ	Gamma_Z/M_Z	bare*(1-yy*1)	0.0274757830537431	Gamma_Z_over_M_Z	0.0273665394569	2.52298e-5	4.32995	FAIL	
family	C-GZ	Gamma_Z/M_Z	bare*(1+yy*e)	0.0275278383818305	Gamma_Z_over_M_Z	0.0273665394569	2.52298e-5	6.3932	FAIL	
family	C-GZ	Gamma_Z/M_Z	bare*(1-yy*e)	0.0274517273935071	Gamma_Z_over_M_Z	0.0273665394569	2.52298e-5	3.37649	FAIL	
family	C-GZ	Gamma_Z/M_Z	bare*(1+yy*phi)	0.0275124350947975	Gamma_Z_over_M_Z	0.0273665394569	2.52298e-5	5.78268	FAIL	
family	C-GZ	Gamma_Z/M_Z	bare*(1-yy*phi)	0.0274671306805402	Gamma_Z_over_M_Z	0.0273665394569	2.52298e-5	3.98701	FAIL	
family	C-GZ	Gamma_Z/M_Z	bare*(1+yy*sqrt(e))	0.0275128647116484	Gamma_Z_over_M_Z	0.0273665394569	2.52298e-5	5.79971	FAIL	
family	C-GZ	Gamma_Z/M_Z	bare*(1-yy*sqrt(e))	0.0274667010636893	Gamma_Z_over_M_Z	0.0273665394569	2.52298e-5	3.96998	FAIL	
family	C-GZ	Gamma_Z/M_Z	bare*(1+yy*sqrt(phi))	0.0275075909515123	Gamma_Z_over_M_Z	0.0273665394569	2.52298e-5	5.59068	FAIL	
family	C-GZ	Gamma_Z/M_Z	bare*(1-yy*sqrt(phi))	0.0274719748238254	Gamma_Z_over_M_Z	0.0273665394569	2.52298e-5	4.17901	FAIL	
family	C-GZ	Gamma_Z/M_Z	bare*(1+yy*gamma)	0.0274978638111168	Gamma_Z_over_M_Z	0.0273665394569	2.52298e-5	5.20514	FAIL	
family	C-GZ	Gamma_Z/M_Z	bare*(1-yy*gamma)	0.0274817019642209	Gamma_Z_over_M_Z	0.0273665394569	2.52298e-5	4.56455	FAIL	
family	C-GZ	Gamma_Z/M_Z	bare*(1+yy*G)	0.027502606253869	Gamma_Z_over_M_Z	0.0273665394569	2.52298e-5	5.39311	FAIL	
family	C-GZ	Gamma_Z/M_Z	bare*(1-yy*G)	0.0274769595214687	Gamma_Z_over_M_Z	0.0273665394569	2.52298e-5	4.37658	FAIL	
family	C-GZ	Gamma_Z/M_Z	bare*(1+yy*psi_con)	0.0274986324705135	Gamma_Z_over_M_Z	0.0273665394569	2.52298e-5	5.2356	FAIL	
family	C-GZ	Gamma_Z/M_Z	bare*(1-yy*psi_con)	0.0274809333048242	Gamma_Z_over_M_Z	0.0273665394569	2.52298e-5	4.53408	FAIL	
family	C-GZ	Gamma_Z/M_Z	bare*(1+yy*1/phi)	0.0274984352608718	Gamma_Z_over_M_Z	0.0273665394569	2.52298e-5	5.22779	FAIL	
family	C-GZ	Gamma_Z/M_Z	bare*(1-yy*1/phi)	0.0274811305144659	Gamma_Z_over_M_Z	0.0273665394569	2.52298e-5	4.5419	FAIL	
family	C-GZ	Gamma_Z/M_Z	bare*(1+yy*pi^{-4})	0.0274899266097155	Gamma_Z_over_M_Z	0.0273665394569	2.52298e-5	4.89054	FAIL	
family	C-GZ	Gamma_Z/M_Z	bare*(1-yy*pi^{-4})	0.0274896391656222	Gamma_Z_over_M_Z	0.0273665394569	2.52298e-5	4.87915	FAIL	
family	C-GZ	Gamma_Z/M_Z	bare*(1+yy*e^{-4})	0.0274900393035715	Gamma_Z_over_M_Z	0.0273665394569	2.52298e-5	4.89501	FAIL	
family	C-GZ	Gamma_Z/M_Z	bare*(1-yy*e^{-4})	0.0274895264717661	Gamma_Z_over_M_Z	0.0273665394569	2.52298e-5	4.87468	FAIL	
family	C-GZ	Gamma_Z/M_Z	bare*(1+yy*pi+P_base)	0.0275367374686835	Gamma_Z_over_M_Z	0.0273665394569	2.52298e-5	6.74592	FAIL	
family	C-GZ	Gamma_Z/M_Z	bare*(1-yy*pi+P_base)	0.0274428283066542	Gamma_Z_over_M_Z	0.0273665394569	2.52298e-5	3.02376	FAIL	
family	C-GZ	Gamma_Z/M_Z	bare*(1+yy*gamma*psi_con^2)	0.0274930118339761	Gamma_Z_over_M_Z	0.0273665394569	2.52298e-5	5.01283	FAIL	
family	C-GZ	Gamma_Z/M_Z	bare*(1-yy*gamma*psi_con^2)	0.0274865539413616	Gamma_Z_over_M_Z	0.0273665394569	2.52298e-5	4.75686	FAIL	
family	C-BD	Deuteron_binding	bare*(1+alpha*1)	2.24079808100582	B_H2_MeV	2.224566229	4.4e-7	36890.6	FAIL	
family	C-BD	Deuteron_binding	bare*(1-alpha*1)	2.20833121591924	B_H2_MeV	2.224566229	4.4e-7	36897.8	FAIL	
family	C-BD	Deuteron_binding	bare*(1+alpha*e)	2.26869169315847	B_H2_MeV	2.224566229	4.4e-7	100285.0	FAIL	
family	C-BD	Deuteron_binding	bare*(1-alpha*e)	2.18043760376659	B_H2_MeV	2.224566229	4.4e-7	100292.0	FAIL	
family	C-BD	Deuteron_binding	bare*(1+alpha*phi)	2.25083089407165	B_H2_MeV	2.224566229	4.4e-7	59692.4	FAIL	
family	C-BD	Deuteron_binding	bare*(1-alpha*phi)	2.19829840285341	B_H2_MeV	2.224566229	4.4e-7	59699.6	FAIL	
family	C-BD	Deuteron_binding	bare*(1+alpha*sqrt(e))	2.25132905399312	B_H2_MeV	2.224566229	4.4e-7	60824.6	FAIL	
family	C-BD	Deuteron_binding	bare*(1-alpha*sqrt(e))	2.19780024293193	B_H2_MeV	2.224566229	4.4e-7	60831.8	FAIL	
family	C-BD	Deuteron_binding	bare*(1+alpha*sqrt(phi))	2.24521389363665	B_H2_MeV	2.224566229	4.4e-7	46926.5	FAIL	
family	C-BD	Deuteron_binding	bare*(1-alpha*sqrt(phi))	2.2039154032884	B_H2_MeV	2.224566229	4.4e-7	46933.7	FAIL	
family	C-BD	Deuteron_binding	bare*(1+alpha*gamma)	2.23393484002164	B_H2_MeV	2.224566229	4.4e-7	21292.3	FAIL	
family	C-BD	Deuteron_binding	bare*(1-alpha*gamma)	2.21519445690342	B_H2_MeV	2.224566229	4.4e-7	21299.5	FAIL	
family	C-BD	Deuteron_binding	bare*(1+alpha*G)	2.23943391414758	B_H2_MeV	2.224566229	4.4e-7	33790.2	FAIL	
family	C-BD	Deuteron_binding	bare*(1-alpha*G)	2.20969538277748	B_H2_MeV	2.224566229	4.4e-7	33797.4	FAIL	
family	C-BD	Deuteron_binding	bare*(1+alpha*psi_con)	2.2348261349135	B_H2_MeV	2.224566229	4.4e-7	23318.0	FAIL	
family	C-BD	Deuteron_binding	bare*(1-alpha*psi_con)	2.21430316201156	B_H2_MeV	2.224566229	4.4e-7	23325.2	FAIL	
family	C-BD	Deuteron_binding	bare*(1+alpha*1/phi)	2.23459746152836	B_H2_MeV	2.224566229	4.4e-7	22798.3	FAIL	
family	C-BD	Deuteron_binding	bare*(1-alpha*1/phi)	2.2145318353967	B_H2_MeV	2.224566229	4.4e-7	22805.4	FAIL	
family	C-BD	Deuteron_binding	bare*(1+alpha*pi^{-4})	2.22473130059295	B_H2_MeV	2.224566229	4.4e-7	375.163	FAIL	
family	C-BD	Deuteron_binding	bare*(1-alpha*pi^{-4})	2.22439799633211	B_H2_MeV	2.224566229	4.4e-7	382.347	FAIL	
family	C-BD	Deuteron_binding	bare*(1+alpha*e^{-4})	2.22486197415092	B_H2_MeV	2.224566229	4.4e-7	672.148	FAIL	
family	C-BD	Deuteron_binding	bare*(1-alpha*e^{-4})	2.22426732277414	B_H2_MeV	2.224566229	4.4e-7	679.332	FAIL	
family	C-BD	Deuteron_binding	bare*(1+alpha*pi+P_base)	2.2790105817175	B_H2_MeV	2.224566229	4.4e-7	123737.0	FAIL	
family	C-BD	Deuteron_binding	bare*(1-alpha*pi+P_base)	2.17011871520755	B_H2_MeV	2.224566229	4.4e-7	123744.0	FAIL	
family	C-BD	Deuteron_binding	bare*(1+alpha*gamma*psi_con^2)	2.2283087558814	B_H2_MeV	2.224566229	4.4e-7	8505.74	FAIL	
family	C-BD	Deuteron_binding	bare*(1-alpha*gamma*psi_con^2)	2.22082054104365	B_H2_MeV	2.224566229	4.4e-7	8512.93	FAIL	
family	C-BD	Deuteron_binding	bare*(1+alpha^2*1)	2.22468310954314	B_H2_MeV	2.224566229	4.4e-7	265.638	FAIL	
family	C-BD	Deuteron_binding	bare*(1-alpha^2*1)	2.22444618738192	B_H2_MeV	2.224566229	4.4e-7	272.822	FAIL	
family	C-BD	Deuteron_binding	bare*(1+alpha^2*e)	2.22488665906532	B_H2_MeV	2.224566229	4.4e-7	728.25	FAIL	
family	C-BD	Deuteron_binding	bare*(1-alpha^2*e)	2.22424263785973	B_H2_MeV	2.224566229	4.4e-7	735.434	FAIL	
family	C-BD	Deuteron_binding	bare*(1+alpha^2*phi)	2.22475632251729	B_H2_MeV	2.224566229	4.4e-7	432.031	FAIL	
family	C-BD	Deuteron_binding	bare*(1-alpha^2*phi)	2.22437297440776	B_H2_MeV	2.224566229	4.4e-7	439.215	FAIL	
family	C-BD	Deuteron_binding	bare*(1+alpha^2*sqrt(e))	2.22475995776588	B_H2_MeV	2.224566229	4.4e-7	440.293	FAIL	
family	C-BD	Deuteron_binding	bare*(1-alpha^2*sqrt(e))	2.22436933915918	B_H2_MeV	2.224566229	4.4e-7	447.477	FAIL	
family	C-BD	Deuteron_binding	bare*(1+alpha^2*sqrt(phi))	2.22471533328476	B_H2_MeV	2.224566229	4.4e-7	338.873	FAIL	
family	C-BD	Deuteron_binding	bare*(1-alpha^2*sqrt(phi))	2.22441396364029	B_H2_MeV	2.224566229	4.4e-7	346.058	FAIL	
family	C-BD	Deuteron_binding	bare*(1+alpha^2*gamma)	2.22463302605394	B_H2_MeV	2.224566229	4.4e-7	151.811	FAIL	
family	C-BD	Deuteron_binding	bare*(1-alpha^2*gamma)	2.22449627087112	B_H2_MeV	2.224566229	4.4e-7	158.996	FAIL	
family	C-BD	Deuteron_binding	bare*(1+alpha^2*G)	2.22467315473661	B_H2_MeV	2.224566229	4.4e-7	243.013	FAIL	
family	C-BD	Deuteron_binding	bare*(1-alpha^2*G)	2.22445614218844	B_H2_MeV	2.224566229	4.4e-7	250.197	FAIL	
family	C-BD	Deuteron_binding	bare*(1+alpha^2*psi_con)	2.224639530147	B_H2_MeV	2.224566229	4.4e-7	166.594	FAIL	
family	C-BD	Deuteron_binding	bare*(1-alpha^2*psi_con)	2.22448976677806	B_H2_MeV	2.224566229	4.4e-7	173.778	FAIL	
family	C-BD	Deuteron_binding	bare*(1+alpha^2*1/phi)	2.22463786143669	B_H2_MeV	2.224566229	4.4e-7	162.801	FAIL	
family	C-BD	Deuteron_binding	bare*(1-alpha^2*1/phi)	2.22449143548837	B_H2_MeV	2.224566229	4.4e-7	169.985	FAIL	
family	C-BD	Deuteron_binding	bare*(1+alpha^2*pi^{-4})	2.22456586458188	B_H2_MeV	2.224566229	4.4e-7	0.828223	PASS	
family	C-BD	Deuteron_binding	bare*(1-alpha^2*pi^{-4})	2.22456343234318	B_H2_MeV	2.224566229	4.4e-7	6.35604	FAIL	
family	C-BD	Deuteron_binding	bare*(1+alpha^2*e^{-4})	2.2245668181529	B_H2_MeV	2.224566229	4.4e-7	1.33898	FAIL	
family	C-BD	Deuteron_binding	bare*(1-alpha^2*e^{-4})	2.22456247877215	B_H2_MeV	2.224566229	4.4e-7	8.52325	FAIL	
family	C-BD	Deuteron_binding	bare*(1+alpha^2*pi+P_base)	2.22496195963322	B_H2_MeV	2.224566229	4.4e-7	899.388	FAIL	
family	C-BD	Deuteron_binding	bare*(1-alpha^2*pi+P_base)	2.22416733729184	B_H2_MeV	2.224566229	4.4e-7	906.572	FAIL	
family	C-BD	Deuteron_binding	bare*(1+alpha^2*gamma*psi_con^2)	2.2245919705344	B_H2_MeV	2.224566229	4.4e-7	58.5035	FAIL	
family	C-BD	Deuteron_binding	bare*(1-alpha^2*gamma*psi_con^2)	2.22453732639065	B_H2_MeV	2.224566229	4.4e-7	65.6877	FAIL	
family	C-BD	Deuteron_binding	bare*(1+alpha^3*1)	2.2245655129148	B_H2_MeV	2.224566229	4.4e-7	1.62747	FAIL	
family	C-BD	Deuteron_binding	bare*(1-alpha^3*1)	2.22456378401026	B_H2_MeV	2.224566229	4.4e-7	5.55679	FAIL	
family	C-BD	Deuteron_binding	bare*(1+alpha^3*e)	2.22456699828743	B_H2_MeV	2.224566229	4.4e-7	1.74838	FAIL	
family	C-BD	Deuteron_binding	bare*(1-alpha^3*e)	2.22456229863763	B_H2_MeV	2.224566229	4.4e-7	8.93264	FAIL	
family	C-BD	Deuteron_binding	bare*(1+alpha^3*phi)	2.22456604717568	B_H2_MeV	2.224566229	4.4e-7	0.413237	PASS	
family	C-BD	Deuteron_binding	bare*(1-alpha^3*phi)	2.22456324974937	B_H2_MeV	2.224566229	4.4e-7	6.77102	FAIL	
family	C-BD	Deuteron_binding	bare*(1+alpha^3*sqrt(e))	2.22456607370337	B_H2_MeV	2.224566229	4.4e-7	0.352947	PASS	
family	C-BD	Deuteron_binding	bare*(1-alpha^3*sqrt(e))	2.22456322322168	B_H2_MeV	2.224566229	4.4e-7	6.83131	FAIL	
family	C-BD	Deuteron_binding	bare*(1+alpha^3*sqrt(phi))	2.2245657480628	B_H2_MeV	2.224566229	4.4e-7	1.09304	FAIL	
family	C-BD	Deuteron_binding	bare*(1-alpha^3*sqrt(phi))	2.22456354886225	B_H2_MeV	2.224566229	4.4e-7	6.09122	FAIL	
family	C-BD	Deuteron_binding	bare*(1+alpha^3*gamma)	2.22456514743792	B_H2_MeV	2.224566229	4.4e-7	2.4581	FAIL	
family	C-BD	Deuteron_binding	bare*(1-alpha^3*gamma)	2.22456414948714	B_H2_MeV	2.224566229	4.4e-7	4.72617	FAIL	
family	C-BD	Deuteron_binding	bare*(1+alpha^3*G)	2.22456544027107	B_H2_MeV	2.224566229	4.4e-7	1.79257	FAIL	
family	C-BD	Deuteron_binding	bare*(1-alpha^3*G)	2.22456385665399	B_H2_MeV	2.224566229	4.4e-7	5.3917	FAIL	
family	C-BD	Deuteron_binding	bare*(1+alpha^3*psi_con)	2.22456519490058	B_H2_MeV	2.224566229	4.4e-7	2.35023	FAIL	
family	C-BD	Deuteron_binding	bare*(1-alpha^3*psi_con)	2.22456410202448	B_H2_MeV	2.224566229	4.4e-7	4.83404	FAIL	
family	C-BD	Deuteron_binding	bare*(1+alpha^3*1/phi)	2.22456518272341	B_H2_MeV	2.224566229	4.4e-7	2.3779	FAIL	
family	C-BD	Deuteron_binding	bare*(1-alpha^3*1/phi)	2.22456411420164	B_H2_MeV	2.224566229	4.4e-7	4.80636	FAIL	
family	C-BD	Deuteron_binding	bare*(1+alpha^3*pi^{-4})	2.22456465733698	B_H2_MeV	2.224566229	4.4e-7	3.57196	FAIL	
family	C-BD	Deuteron_binding	bare*(1-alpha^3*pi^{-4})	2.22456463958808	B_H2_MeV	2.224566229	4.4e-7	3.6123	FAIL	
family	C-BD	Deuteron_binding	bare*(1+alpha^3*e^{-4})	2.22456466429552	B_H2_MeV	2.224566229	4.4e-7	3.55615	FAIL	
family	C-BD	Deuteron_binding	bare*(1-alpha^3*e^{-4})	2.22456463262953	B_H2_MeV	2.224566229	4.4e-7	3.62811	FAIL	
family	C-BD	Deuteron_binding	bare*(1+alpha^3*pi+P_base)	2.22456754778222	B_H2_MeV	2.224566229	4.4e-7	2.99723	FAIL	
family	C-BD	Deuteron_binding	bare*(1-alpha^3*pi+P_base)	2.22456174914284	B_H2_MeV	2.224566229	4.4e-7	10.1815	FAIL	
family	C-BD	Deuteron_binding	bare*(1+alpha^3*gamma*psi_con^2)	2.22456484784132	B_H2_MeV	2.224566229	4.4e-7	3.139	FAIL	
family	C-BD	Deuteron_binding	bare*(1-alpha^3*gamma*psi_con^2)	2.22456444908374	B_H2_MeV	2.224566229	4.4e-7	4.04526	FAIL	
family	C-BD	Deuteron_binding	bare*(1+yy*1)	2.2256975615802	B_H2_MeV	2.224566229	4.4e-7	2571.21	FAIL	
family	C-BD	Deuteron_binding	bare*(1-yy*1)	2.22343173534485	B_H2_MeV	2.224566229	4.4e-7	2578.39	FAIL	
family	C-BD	Deuteron_binding	bare*(1+yy*e)	2.22764422560353	B_H2_MeV	2.224566229	4.4e-7	6995.45	FAIL	
family	C-BD	Deuteron_binding	bare*(1-yy*e)	2.22148507132153	B_H2_MeV	2.224566229	4.4e-7	7002.63	FAIL	
family	C-BD	Deuteron_binding	bare*(1+yy*phi)	2.22639774039323	B_H2_MeV	2.224566229	4.4e-7	4162.53	FAIL	
family	C-BD	Deuteron_binding	bare*(1-yy*phi)	2.22273155653183	B_H2_MeV	2.224566229	4.4e-7	4169.71	FAIL	
family	C-BD	Deuteron_binding	bare*(1+yy*sqrt(e))	2.22643250641749	B_H2_MeV	2.224566229	4.4e-7	4241.54	FAIL	
family	C-BD	Deuteron_binding	bare*(1-yy*sqrt(e))	2.22269679050756	B_H2_MeV	2.224566229	4.4e-7	4248.72	FAIL	
family	C-BD	Deuteron_binding	bare*(1+yy*sqrt(phi))	2.2260057362094	B_H2_MeV	2.224566229	4.4e-7	3271.61	FAIL	
family	C-BD	Deuteron_binding	bare*(1-yy*sqrt(phi))	2.22312356071565	B_H2_MeV	2.224566229	4.4e-7	3278.79	FAIL	
family	C-BD	Deuteron_binding	bare*(1+yy*gamma)	2.22521858366102	B_H2_MeV	2.224566229	4.4e-7	1482.62	FAIL	
family	C-BD	Deuteron_binding	bare*(1-yy*gamma)	2.22391071326403	B_H2_MeV	2.224566229	4.4e-7	1489.81	FAIL	
family	C-BD	Deuteron_binding	bare*(1+yy*G)	2.22560235789951	B_H2_MeV	2.224566229	4.4e-7	2354.84	FAIL	
family	C-BD	Deuteron_binding	bare*(1-yy*G)	2.22352693902555	B_H2_MeV	2.224566229	4.4e-7	2362.02	FAIL	
family	C-BD	Deuteron_binding	bare*(1+yy*psi_con)	2.22528078613558	B_H2_MeV	2.224566229	4.4e-7	1623.99	FAIL	
family	C-BD	Deuteron_binding	bare*(1-yy*psi_con)	2.22384851078948	B_H2_MeV	2.224566229	4.4e-7	1631.18	FAIL	
family	C-BD	Deuteron_binding	bare*(1+yy*1/phi)	2.22526482727555	B_H2_MeV	2.224566229	4.4e-7	1587.72	FAIL	
family	C-BD	Deuteron_binding	bare*(1-yy*1/phi)	2.2238644696495	B_H2_MeV	2.224566229	4.4e-7	1594.91	FAIL	
family	C-BD	Deuteron_binding	bare*(1+yy*pi^{-4})	2.22457627892849	B_H2_MeV	2.224566229	4.4e-7	22.8407	FAIL	
family	C-BD	Deuteron_binding	bare*(1-yy*pi^{-4})	2.22455301799657	B_H2_MeV	2.224566229	4.4e-7	30.025	FAIL	
family	C-BD	Deuteron_binding	bare*(1+yy*e^{-4})	2.22458539849008	B_H2_MeV	2.224566229	4.4e-7	43.567	FAIL	
family	C-BD	Deuteron_binding	bare*(1-yy*e^{-4})	2.22454389843497	B_H2_MeV	2.224566229	4.4e-7	50.7513	FAIL	
family	C-BD	Deuteron_binding	bare*(1+yy*pi+P_base)	2.22836436930556	B_H2_MeV	2.224566229	4.4e-7	8632.14	FAIL	
family	C-BD	Deuteron_binding	bare*(1-yy*pi+P_base)	2.2207649276195	B_H2_MeV	2.224566229	4.4e-7	8639.32	FAIL	
family	C-BD	Deuteron_binding	bare*(1+yy*gamma*psi_con^2)	2.22482594553556	B_H2_MeV	2.224566229	4.4e-7	590.265	FAIL	
family	C-BD	Deuteron_binding	bare*(1-yy*gamma*psi_con^2)	2.2243033513895	B_H2_MeV	2.224566229	4.4e-7	597.449	FAIL	
family	C-MUD	Deuteron_mu	bare*(1+alpha*1)	0.863648105592256	mu_d_over_mu_N	0.8574382335	2.2e-9	2.82267e+6	FAIL	
family	C-MUD	Deuteron_mu	bare*(1-alpha*1)	0.851134730663821	mu_d_over_mu_N	0.8574382335	2.2e-9	2.86523e+6	FAIL	
family	C-MUD	Deuteron_mu	bare*(1+alpha*e)	0.874398857968368	mu_d_over_mu_N	0.8574382335	2.2e-9	7.70937e+6	FAIL	
family	C-MUD	Deuteron_mu	bare*(1-alpha*e)	0.840383978287709	mu_d_over_mu_N	0.8574382335	2.2e-9	7.75193e+6	FAIL	
family	C-MUD	Deuteron_mu	bare*(1+alpha*phi)	0.867514951102127	mu_d_over_mu_N	0.8574382335	2.2e-9	4.58033e+6	FAIL	
family	C-MUD	Deuteron_mu	bare*(1-alpha*phi)	0.847267885153949	mu_d_over_mu_N	0.8574382335	2.2e-9	4.62289e+6	FAIL	
family	C-MUD	Deuteron_mu	bare*(1+alpha*sqrt(e))	0.867706951834416	mu_d_over_mu_N	0.8574382335	2.2e-9	4.6676e+6	FAIL	
family	C-MUD	Deuteron_mu	bare*(1-alpha*sqrt(e))	0.847075884421661	mu_d_over_mu_N	0.8574382335	2.2e-9	4.71016e+6	FAIL	
family	C-MUD	Deuteron_mu	bare*(1+alpha*sqrt(phi))	0.865350047523391	mu_d_over_mu_N	0.8574382335	2.2e-9	3.59628e+6	FAIL	
family	C-MUD	Deuteron_mu	bare*(1-alpha*sqrt(phi))	0.849432788732686	mu_d_over_mu_N	0.8574382335	2.2e-9	3.63884e+6	FAIL	
family	C-MUD	Deuteron_mu	bare*(1+alpha*gamma)	0.861002876142778	mu_d_over_mu_N	0.8574382335	2.2e-9	1.62029e+6	FAIL	
family	C-MUD	Deuteron_mu	bare*(1-alpha*gamma)	0.853779960113299	mu_d_over_mu_N	0.8574382335	2.2e-9	1.66285e+6	FAIL	
family	C-MUD	Deuteron_mu	bare*(1+alpha*G)	0.863122328578781	mu_d_over_mu_N	0.8574382335	2.2e-9	2.58368e+6	FAIL	
family	C-MUD	Deuteron_mu	bare*(1-alpha*G)	0.851660507677295	mu_d_over_mu_N	0.8574382335	2.2e-9	2.62624e+6	FAIL	
family	C-MUD	Deuteron_mu	bare*(1+alpha*psi_con)	0.861346398904335	mu_d_over_mu_N	0.8574382335	2.2e-9	1.77644e+6	FAIL	
family	C-MUD	Deuteron_mu	bare*(1-alpha*psi_con)	0.853436437351742	mu_d_over_mu_N	0.8574382335	2.2e-9	1.819e+6	FAIL	
family	C-MUD	Deuteron_mu	bare*(1+alpha*1/phi)	0.86125826363791	mu_d_over_mu_N	0.8574382335	2.2e-9	1.73638e+6	FAIL	
family	C-MUD	Deuteron_mu	bare*(1-alpha*1/phi)	0.853524572618167	mu_d_over_mu_N	0.8574382335	2.2e-9	1.77894e+6	FAIL	
family	C-MUD	Deuteron_mu	bare*(1+alpha*pi^{-4})	0.857455649170519	mu_d_over_mu_N	0.8574382335	2.2e-9	7916.21	FAIL	
family	C-MUD	Deuteron_mu	bare*(1-alpha*pi^{-4})	0.857327187085558	mu_d_over_mu_N	0.8574382335	2.2e-9	50475.6	FAIL	
family	C-MUD	Deuteron_mu	bare*(1+alpha*e^{-4})	0.857506013356273	mu_d_over_mu_N	0.8574382335	2.2e-9	30809.0	FAIL	
family	C-MUD	Deuteron_mu	bare*(1-alpha*e^{-4})	0.857276822899804	mu_d_over_mu_N	0.8574382335	2.2e-9	73368.5	FAIL	
family	C-MUD	Deuteron_mu	bare*(1+alpha*pi+P_base)	0.878375962657707	mu_d_over_mu_N	0.8574382335	2.2e-9	9.51715e+6	FAIL	
family	C-MUD	Deuteron_mu	bare*(1-alpha*pi+P_base)	0.83640687359837	mu_d_over_mu_N	0.8574382335	2.2e-9	9.55971e+6	FAIL	
family	C-MUD	Deuteron_mu	bare*(1+alpha*gamma*psi_con^2)	0.858834471523547	mu_d_over_mu_N	0.8574382335	2.2e-9	634654.0	FAIL	
family	C-MUD	Deuteron_mu	bare*(1-alpha*gamma*psi_con^2)	0.85594836473253	mu_d_over_mu_N	0.8574382335	2.2e-9	677213.0	FAIL	
family	C-MUD	Deuteron_mu	bare*(1+alpha^2*1)	0.857437075382353	mu_d_over_mu_N	0.8574382335	2.2e-9	526.417	FAIL	
family	C-MUD	Deuteron_mu	bare*(1-alpha^2*1)	0.857345760873723	mu_d_over_mu_N	0.8574382335	2.2e-9	42033.0	FAIL	
family	C-MUD	Deuteron_mu	bare*(1+alpha^2*e)	0.85751552741278	mu_d_over_mu_N	0.8574382335	2.2e-9	35133.6	FAIL	
family	C-MUD	Deuteron_mu	bare*(1-alpha^2*e)	0.857267308843297	mu_d_over_mu_N	0.8574382335	2.2e-9	77693.0	FAIL	
family	C-MUD	Deuteron_mu	bare*(1+alpha^2*phi)	0.857465293117353	mu_d_over_mu_N	0.8574382335	2.2e-9	12299.8	FAIL	
family	C-MUD	Deuteron_mu	bare*(1-alpha^2*phi)	0.857317543138724	mu_d_over_mu_N	0.8574382335	2.2e-9	54859.3	FAIL	
family	C-MUD	Deuteron_mu	bare*(1+alpha^2*sqrt(e))	0.857466694214389	mu_d_over_mu_N	0.8574382335	2.2e-9	12936.7	FAIL	
family	C-MUD	Deuteron_mu	bare*(1-alpha^2*sqrt(e))	0.857316142041688	mu_d_over_mu_N	0.8574382335	2.2e-9	55496.1	FAIL	
family	C-MUD	Deuteron_mu	bare*(1+alpha^2*sqrt(phi))	0.85744949505267	mu_d_over_mu_N	0.8574382335	2.2e-9	5118.89	FAIL	
family	C-MUD	Deuteron_mu	bare*(1-alpha^2*sqrt(phi))	0.857333341203407	mu_d_over_mu_N	0.8574382335	2.2e-9	47678.3	FAIL	
family	C-MUD	Deuteron_mu	bare*(1+alpha^2*gamma)	0.857417772210445	mu_d_over_mu_N	0.8574382335	2.2e-9	9300.59	FAIL	
family	C-MUD	Deuteron_mu	bare*(1-alpha^2*gamma)	0.857365064045631	mu_d_over_mu_N	0.8574382335	2.2e-9	33258.8	FAIL	
family	C-MUD	Deuteron_mu	bare*(1+alpha^2*G)	0.857433238602115	mu_d_over_mu_N	0.8574382335	2.2e-9	2270.41	FAIL	
family	C-MUD	Deuteron_mu	bare*(1-alpha^2*G)	0.857349597653961	mu_d_over_mu_N	0.8574382335	2.2e-9	40289.0	FAIL	
family	C-MUD	Deuteron_mu	bare*(1+alpha^2*psi_con)	0.85742027901715	mu_d_over_mu_N	0.8574382335	2.2e-9	8161.13	FAIL	
family	C-MUD	Deuteron_mu	bare*(1-alpha^2*psi_con)	0.857362557238926	mu_d_over_mu_N	0.8574382335	2.2e-9	34398.3	FAIL	
family	C-MUD	Deuteron_mu	bare*(1+alpha^2*1/phi)	0.857419635863038	mu_d_over_mu_N	0.8574382335	2.2e-9	8453.47	FAIL	
family	C-MUD	Deuteron_mu	bare*(1-alpha^2*1/phi)	0.857363200393039	mu_d_over_mu_N	0.8574382335	2.2e-9	34106.0	FAIL	
family	C-MUD	Deuteron_mu	bare*(1+alpha^2*pi^{-4})	0.857391886844601	mu_d_over_mu_N	0.8574382335	2.2e-9	21066.7	FAIL	
family	C-MUD	Deuteron_mu	bare*(1-alpha^2*pi^{-4})	0.857390949411476	mu_d_over_mu_N	0.8574382335	2.2e-9	21492.8	FAIL	
family	C-MUD	Deuteron_mu	bare*(1+alpha^2*e^{-4})	0.857392254369821	mu_d_over_mu_N	0.8574382335	2.2e-9	20899.6	FAIL	
family	C-MUD	Deuteron_mu	bare*(1-alpha^2*e^{-4})	0.857390581886256	mu_d_over_mu_N	0.8574382335	2.2e-9	21659.8	FAIL	
family	C-MUD	Deuteron_mu	bare*(1+alpha^2*pi+P_base)	0.857544549747886	mu_d_over_mu_N	0.8574382335	2.2e-9	48325.6	FAIL	
family	C-MUD	Deuteron_mu	bare*(1-alpha^2*pi+P_base)	0.857238286508191	mu_d_over_mu_N	0.8574382335	2.2e-9	90885.0	FAIL	
family	C-MUD	Deuteron_mu	bare*(1+alpha^2*gamma*psi_con^2)	0.857401948597435	mu_d_over_mu_N	0.8574382335	2.2e-9	16493.1	FAIL	
family	C-MUD	Deuteron_mu	bare*(1-alpha^2*gamma*psi_con^2)	0.857380887658641	mu_d_over_mu_N	0.8574382335	2.2e-9	26066.3	FAIL	
family	C-MUD	Deuteron_mu	bare*(1+alpha^3*1)	0.85739175130512	mu_d_over_mu_N	0.8574382335	2.2e-9	21128.3	FAIL	
family	C-MUD	Deuteron_mu	bare*(1-alpha^3*1)	0.857391084950956	mu_d_over_mu_N	0.8574382335	2.2e-9	21431.2	FAIL	
family	C-MUD	Deuteron_mu	bare*(1+alpha^3*e)	0.857392323797246	mu_d_over_mu_N	0.8574382335	2.2e-9	20868.0	FAIL	
family	C-MUD	Deuteron_mu	bare*(1-alpha^3*e)	0.857390512458831	mu_d_over_mu_N	0.8574382335	2.2e-9	21691.4	FAIL	
family	C-MUD	Deuteron_mu	bare*(1+alpha^3*phi)	0.857391957219881	mu_d_over_mu_N	0.8574382335	2.2e-9	21034.7	FAIL	
family	C-MUD	Deuteron_mu	bare*(1-alpha^3*phi)	0.857390879036196	mu_d_over_mu_N	0.8574382335	2.2e-9	21524.8	FAIL	
family	C-MUD	Deuteron_mu	bare*(1+alpha^3*sqrt(e))	0.85739196744418	mu_d_over_mu_N	0.8574382335	2.2e-9	21030.0	FAIL	
family	C-MUD	Deuteron_mu	bare*(1-alpha^3*sqrt(e))	0.857390868811896	mu_d_over_mu_N	0.8574382335	2.2e-9	21529.4	FAIL	
family	C-MUD	Deuteron_mu	bare*(1+alpha^3*sqrt(phi))	0.857391841935833	mu_d_over_mu_N	0.8574382335	2.2e-9	21087.1	FAIL	
family	C-MUD	Deuteron_mu	bare*(1-alpha^3*sqrt(phi))	0.857390994320243	mu_d_over_mu_N	0.8574382335	2.2e-9	21472.4	FAIL	
family	C-MUD	Deuteron_mu	bare*(1+alpha^3*gamma)	0.857391610443069	mu_d_over_mu_N	0.8574382335	2.2e-9	21192.3	FAIL	
family	C-MUD	Deuteron_mu	bare*(1-alpha^3*gamma)	0.857391225813007	mu_d_over_mu_N	0.8574382335	2.2e-9	21367.1	FAIL	
family	C-MUD	Deuteron_mu	bare*(1+alpha^3*G)	0.857391723306782	mu_d_over_mu_N	0.8574382335	2.2e-9	21141.0	FAIL	
family	C-MUD	Deuteron_mu	bare*(1-alpha^3*G)	0.857391112949295	mu_d_over_mu_N	0.8574382335	2.2e-9	21418.4	FAIL	
family	C-MUD	Deuteron_mu	bare*(1+alpha^3*psi_con)	0.857391628736121	mu_d_over_mu_N	0.8574382335	2.2e-9	21184.0	FAIL	
family	C-MUD	Deuteron_mu	bare*(1-alpha^3*psi_con)	0.857391207519955	mu_d_over_mu_N	0.8574382335	2.2e-9	21375.4	FAIL	
family	C-MUD	Deuteron_mu	bare*(1+alpha^3*1/phi)	0.857391624042799	mu_d_over_mu_N	0.8574382335	2.2e-9	21186.1	FAIL	
family	C-MUD	Deuteron_mu	bare*(1-alpha^3*1/phi)	0.857391212213277	mu_d_over_mu_N	0.8574382335	2.2e-9	21373.3	FAIL	
family	C-MUD	Deuteron_mu	bare*(1+alpha^3*pi^{-4})	0.857391421548428	mu_d_over_mu_N	0.8574382335	2.2e-9	21278.2	FAIL	
family	C-MUD	Deuteron_mu	bare*(1-alpha^3*pi^{-4})	0.857391414707648	mu_d_over_mu_N	0.8574382335	2.2e-9	21281.3	FAIL	
family	C-MUD	Deuteron_mu	bare*(1+alpha^3*e^{-4})	0.857391424230389	mu_d_over_mu_N	0.8574382335	2.2e-9	21276.9	FAIL	
family	C-MUD	Deuteron_mu	bare*(1-alpha^3*e^{-4})	0.857391412025687	mu_d_over_mu_N	0.8574382335	2.2e-9	21282.5	FAIL	
family	C-MUD	Deuteron_mu	bare*(1+alpha^3*pi+P_base)	0.857392535583457	mu_d_over_mu_N	0.8574382335	2.2e-9	20771.8	FAIL	
family	C-MUD	Deuteron_mu	bare*(1-alpha^3*pi+P_base)	0.857390300672619	mu_d_over_mu_N	0.8574382335	2.2e-9	21787.6	FAIL	
family	C-MUD	Deuteron_mu	bare*(1+alpha^3*gamma*psi_con^2)	0.857391494972586	mu_d_over_mu_N	0.8574382335	2.2e-9	21244.8	FAIL	
family	C-MUD	Deuteron_mu	bare*(1-alpha^3*gamma*psi_con^2)	0.85739134128349	mu_d_over_mu_N	0.8574382335	2.2e-9	21314.6	FAIL	
family	C-MUD	Deuteron_mu	bare*(1+yy*1)	0.857828065354834	mu_d_over_mu_N	0.8574382335	2.2e-9	177196.0	FAIL	
family	C-MUD	Deuteron_mu	bare*(1-yy*1)	0.856954770901243	mu_d_over_mu_N	0.8574382335	2.2e-9	219756.0	FAIL	
family	C-MUD	Deuteron_mu	bare*(1+yy*e)	0.858578348350084	mu_d_over_mu_N	0.8574382335	2.2e-9	518234.0	FAIL	
family	C-MUD	Deuteron_mu	bare*(1-yy*e)	0.856204487905992	mu_d_over_mu_N	0.8574382335	2.2e-9	560793.0	FAIL	
family	C-MUD	Deuteron_mu	bare*(1+yy*phi)	0.858097928182087	mu_d_over_mu_N	0.8574382335	2.2e-9	299861.0	FAIL	
family	C-MUD	Deuteron_mu	bare*(1-yy*phi)	0.856684908073989	mu_d_over_mu_N	0.8574382335	2.2e-9	342421.0	FAIL	
family	C-MUD	Deuteron_mu	bare*(1+yy*sqrt(e))	0.858111327698649	mu_d_over_mu_N	0.8574382335	2.2e-9	305952.0	FAIL	
family	C-MUD	Deuteron_mu	bare*(1-yy*sqrt(e))	0.856671508557428	mu_d_over_mu_N	0.8574382335	2.2e-9	348511.0	FAIL	
family	C-MUD	Deuteron_mu	bare*(1+yy*sqrt(phi))	0.857946841980428	mu_d_over_mu_N	0.8574382335	2.2e-9	231186.0	FAIL	
family	C-MUD	Deuteron_mu	bare*(1-yy*sqrt(phi))	0.856835994275648	mu_d_over_mu_N	0.8574382335	2.2e-9	273745.0	FAIL	
family	C-MUD	Deuteron_mu	bare*(1+yy*gamma)	0.857643457747381	mu_d_over_mu_N	0.8574382335	2.2e-9	93283.7	FAIL	
family	C-MUD	Deuteron_mu	bare*(1-yy*gamma)	0.857139378508696	mu_d_over_mu_N	0.8574382335	2.2e-9	135843.0	FAIL	
family	C-MUD	Deuteron_mu	bare*(1+yy*G)	0.857791371964576	mu_d_over_mu_N	0.8574382335	2.2e-9	160517.0	FAIL	
family	C-MUD	Deuteron_mu	bare*(1-yy*G)	0.8569914642915	mu_d_over_mu_N	0.8574382335	2.2e-9	203077.0	FAIL	
family	C-MUD	Deuteron_mu	bare*(1+yy*psi_con)	0.857667431817051	mu_d_over_mu_N	0.8574382335	2.2e-9	104181.0	FAIL	
family	C-MUD	Deuteron_mu	bare*(1-yy*psi_con)	0.857115404439025	mu_d_over_mu_N	0.8574382335	2.2e-9	146740.0	FAIL	
family	C-MUD	Deuteron_mu	bare*(1+yy*1/phi)	0.857661280955291	mu_d_over_mu_N	0.8574382335	2.2e-9	101385.0	FAIL	
family	C-MUD	Deuteron_mu	bare*(1-yy*1/phi)	0.857121555300785	mu_d_over_mu_N	0.8574382335	2.2e-9	143945.0	FAIL	
family	C-MUD	Deuteron_mu	bare*(1+yy*pi^{-4})	0.85739590074072	mu_d_over_mu_N	0.8574382335	2.2e-9	19242.2	FAIL	
family	C-MUD	Deuteron_mu	bare*(1-yy*pi^{-4})	0.857386935515356	mu_d_over_mu_N	0.8574382335	2.2e-9	23317.3	FAIL	
family	C-MUD	Deuteron_mu	bare*(1+yy*e^{-4})	0.857399415600966	mu_d_over_mu_N	0.8574382335	2.2e-9	17644.5	FAIL	
family	C-MUD	Deuteron_mu	bare*(1-yy*e^{-4})	0.857383420655111	mu_d_over_mu_N	0.8574382335	2.2e-9	24914.9	FAIL	
family	C-MUD	Deuteron_mu	bare*(1+yy*pi+P_base)	0.858855906042267	mu_d_over_mu_N	0.8574382335	2.2e-9	644397.0	FAIL	
family	C-MUD	Deuteron_mu	bare*(1-yy*pi+P_base)	0.85592693021381	mu_d_over_mu_N	0.8574382335	2.2e-9	686956.0	FAIL	
family	C-MUD	Deuteron_mu	bare*(1+yy*gamma*psi_con^2)	0.857492127212018	mu_d_over_mu_N	0.8574382335	2.2e-9	24497.1	FAIL	
family	C-MUD	Deuteron_mu	bare*(1-yy*gamma*psi_con^2)	0.857290709044059	mu_d_over_mu_N	0.8574382335	2.2e-9	67056.6	FAIL	
#look_elsewhere	item	N	hits_z<=1	fraction	hits_by_dressing
look_elsewhere	T_CMB	104	12	0.1154	{"alpha": 2, "alpha^2": 4, "yy": 6}
look_elsewhere	Gamma_Z/M_Z	104	3	0.0288	{"alpha": 3}
look_elsewhere	Deuteron_binding	104	3	0.0288	{"alpha^2": 1, "alpha^3": 2}
look_elsewhere	Deuteron_mu	104	0	0.0000	{}
look_elsewhere	ALL_FAMILY	416	18	0.0433	
#ledger_b	file	index	name	computed	stored_measured	stored_error_pct	error_pct_vs_stored_measured	ref_key	z_vs_ref	diagnosis
ledger_b	anthropology_extension_benchmark.json	151	Mean_dependency_length_EN	2.40001358369048	2.3	0.0005659871035364658	4.34842	hub band 8.7% (sigma 0.2 words)	0.500068	no published source in the hub row; stored error_pct matches measured=2.4, not the stored 2.3
ledger_b	cosmology_bubble_bleed_benchmark.json	103	FRB20121102A	0.001	0.000980392156863	0.0	2.0	none	-	no published periodicity found (CHIME/FRB 2023 repeater search: no detections); not z-gateable
ledger_b	cosmology_bubble_bleed_benchmark.json	104	FRB20200929C	0.001	0.00102040816327	0.0	2.0	none	-	no published periodicity found (CHIME/FRB 2023 repeater search: no detections); not z-gateable
ledger_b	creative_arts_math_spine_benchmark.json	11	Mean_dependency_length_EN	2.40001358369048	2.3	0.0005659871035364658	4.34842	hub band 8.7% (sigma 0.2 words)	0.500068	no published source in the hub row; stored error_pct matches measured=2.4, not the stored 2.3
ledger_b	dark_sector_open_problems_benchmark.json	7	tau_reion	0.0543965535023081	0.0561	0.006335	3.03645	tau_reion_PlanckBAO	0.239922	stored 'measured' = Planck 2018 TT,TE,EE+lowE+lensing+BAO
ledger_b	dark_sector_open_problems_benchmark.json	7	tau_reion	0.0543965535023081	0.0561	0.006335	3.03645	tau_reion_Planck	0.000472123	stored error_pct 0.006335 was computed against this value
ledger_b	dark_sector_open_problems_benchmark.json	7	tau_reion	0.0543965535023081	0.0561	0.006335	3.03645	tau_reion	0.0566505	PDG 2024
ledger_b	dark_sector_open_problems_benchmark.json	8	D_H_ratio	2.5446825859417e-5	2.527e-5	0.090986	0.699746	D_H_Cooke2018	0.58942	stored 'measured' = Cooke 2018
ledger_b	dark_sector_open_problems_benchmark.json	8	D_H_ratio	2.5446825859417e-5	2.527e-5	0.090986	0.699746	D_H	0.0799108	PDG 2024 eq. 24.2; stored error_pct 0.090986 was computed against this value
ledger_b	programming_language_laws_benchmark.json	61	Mean_dependency_length_EN	2.40001358369048	2.3	0.0005659871035364658	4.34842	hub band 8.7% (sigma 0.2 words)	0.500068	no published source in the hub row; stored error_pct matches measured=2.4, not the stored 2.3
