# generated by tools/trace_2026_10_02h.py (round h diagnostics; existing frozen values; FREEZE_2026-10-02h committed first)
#row	step	quantity	FSOT	reference	sigma	source	ppm	z	status	note
T_CMB	1	seeds phi, gamma, e	1.61803398875	-	-	no physical counterpart	-	-	no reference	mathematical constants (exact)
T_CMB	2	P_base = gamma/e	0.212345776239	-	-	no physical counterpart	-	-	no reference	
T_CMB	3	S_cosm = K(T1+T2+T3), Cosmology fold D_eff=25, look=1.0, hits=0, observed=False	-0.502377318176	-	-	no physical counterpart	-	-	no reference	domain scalar; z<=1 would need |S_cosm| in [0.503264, 0.508915] (+0.18 % to +1.30 %)
T_CMB	4	phi^2 + P_base |S_cosm| [K]	2.72471169034	2.7255	0.0006	PDG 2024 astrophysical constants (FIRAS, Fixsen 2009)	-289.23	1.314	BREAK	first step with a counterpart; value carries a unit (K) from dimensionless seeds. D1D38A pin gave 2.724728387 (z 1.286)
Deuteron_binding_MeV	1	sqrt(e)/e = e^-1/2	0.606530659713	-	-	no physical counterpart	-	-	no reference	
Deuteron_binding_MeV	2	sqrt(e)/e + phi [MeV]	2.22456464846	2.224566229	4.4e-7	AME2020 (1H, n, 2H mass excesses)	-0.71049	3.592	BREAK	value carries a unit (MeV) from dimensionless seeds
Deuteron_binding_MeV	2b	same vs CODATA 2022 m_p + m_n - m_d	2.22456464846	2.22456637	8.068e-7	CODATA 2022 mass energy equivalents (uncorrelated propagation)	-0.77388	2.134	BREAK	reference cross-check
Deuteron_binding_MeV	P1	physical chain: m_p (FSOT leaf) [MeV]	938.27208927	938.27208943	2.9e-7	CODATA 2022	-0.00017016	0.5505	ok	
Deuteron_binding_MeV	P2	physical chain: m_n (FSOT leaf) [MeV]	939.565421802	939.56542194	4.8e-7	CODATA 2022	-0.00014644	0.2867	ok	
Deuteron_binding_MeV	P3	physical chain: m_d (FSOT)	none	-	-	CODATA 2022 1875.61294500(58) MeV	-	-	MISSING	no FSOT deuteron mass, scattering length or effective range exists: physical chain cannot be completed
m_H/m_W	1	S_quant, Quantum_Mechanics fold D_eff=5 (derived nest D_eff since FE23A2)	0.950197470167	-	-	no physical counterpart	-	-	no reference	with the pre-FE23A2 assigned D_eff=6: S_quant = 0.955289340092
m_H/m_W	2	S_quant (1 + psi_con)	1.55083682601	1.5578107036	0.001393	PDG 2024 m_H/m_W (derived)	-4476.7	5.007	BREAK	lineage: D1D38A 1.559501476, 3090BC 1.559147372 (z 0.96), FE23A2..AEB2AD 1.550836826; the jump is the QM D_eff 6 -> 5 change (hub 3c74a180)
m_H/m_W	2'	same with D_eff=6 S_quant (diagnostic only; domain parameters are not changed)	1.55914737159	1.5578107036	0.001393	PDG 2024 m_H/m_W (derived)	858.04	0.9597	ok	not a branch
m_H/m_W	P1	physical chain: m_H leaf [GeV]	125.158097744	125.2	0.11	PDG 2024	-334.68	0.3809	ok	
m_H/m_W	P2	physical chain: m_W leaf [GeV]	80.3687519242	80.3692	0.0133	PDG 2024	-5.5752	0.03369	ok	
m_H/m_W	P3	physical chain: m_H/m_W from leaves (= C-MHW-1, frozen-pending)	1.55729801382	1.5578107036	0.001393	PDG 2024 m_H/m_W (derived)	-329.11	0.3681	ok	
Dm2_21/Dm2_32	1	gamma^3	0.192315516821	-	-	no physical counterpart	-	-	no reference	
Dm2_21/Dm2_32	2	Poof	0.153482214894	-	-	no physical counterpart	-	-	no reference	
Dm2_21/Dm2_32	3	gamma^3 Poof	0.0295170114803	0.0306720977597	0.0008124	PDG 2024 Dm2_21/Dm2_32 (NO, derived)	-37659.0	1.422	BREAK	stored pin target 0.0295 matches neither PDG 2024 object; see DM-R1
Dm2_21/Dm2_32	P1	physical chain: seed dm2_21 = (Poof G P_new)^3 [eV^2] (hub fsot_seed_flavor.seed_dm2)	7.52467124536e-5	7.53e-5	1.8e-6	PDG 2024	-707.67	0.0296	ok	
Dm2_21/Dm2_32	P2	physical chain: dm2_32 leaf [eV^2]	0.00244405957969	0.002455	2.8e-5	PDG 2024	-4456.4	0.3907	ok	hub seed file calls this reading dm2_31
Dm2_21/Dm2_32	P3	physical chain: ratio (= C-DM-1, frozen-pending)	0.0307875933463	0.0306720977597	0.0008124	PDG 2024 Dm2_21/Dm2_32 (derived)	3765.5	0.1422	ok	
Gamma_Z/M_Z (closed form)	1	phi^5	11.0901699437	-	-	no physical counterpart	-	-	no reference	
Gamma_Z/M_Z (closed form)	2	e^6	403.428793493	-	-	no physical counterpart	-	-	no reference	
Gamma_Z/M_Z (closed form)	3	phi^5/e^6	0.0274897828877	0.0273665394569	2.523e-5	PDG 2024 Gamma_Z/M_Z (derived)	4503.4	4.885	BREAK	stored target 0.02749 equals the formula's own output to 4 digits; PDG 2024 gives 0.027366
Gamma_Z/M_Z (G_F route, round f H1)	1	1/alpha(0) leaf	137.035999166	137.035999177	2.1e-8	CODATA 2022	-8.0688e-5	0.5265	ok	
Gamma_Z/M_Z (G_F route, round f H1)	2	m_Z leaf [GeV]	91.1873703594	91.188	0.002	PDG 2024	-6.9049	0.3148	ok	
Gamma_Z/M_Z (G_F route, round f H1)	3	m_W leaf [GeV]	80.3687519242	80.3692	0.0133	PDG 2024	-5.5752	0.03369	ok	
Gamma_Z/M_Z (G_F route, round f H1)	4	s2_OS = 1 - m_W^2/m_Z^2	0.223207427119	0.223209492843	0.0002593	PDG 2024 m_W, m_Z	-9.2546	0.007965	ok	
Gamma_Z/M_Z (G_F route, round f H1)	5	Delta alpha_lep (1+2 loop)	0.0314983607416	0.0314977	1.5e-6	Steinhauser 3-loop as quoted in hep-ph/0311148 eq. inputs	20.977	0.4405	ok	sigma here = size of the omitted 3-loop term (about 1.5e-6), not a published uncertainty
Gamma_Z/M_Z (G_F route, round f H1)	6	Delta alpha_had^(5) H1 (constituent quark loop)	0.0241044885083	0.02783	6.0e-5	PDG 2024 EW review	-1.3387e+5	62.09	BREAK	non-perturbative region; see Delta alpha_had trace
Gamma_Z/M_Z (G_F route, round f H1)	7	Delta rho (one loop x QCD)	0.00829539970377	-	-	no physical counterpart	-	-	no reference	no directly published counterpart
Gamma_Z/M_Z (G_F route, round f H1)	8	Delta r (round f)	0.0296225422128	0.03685	0.0002	PDG 2024 EW review	-1.9613e+5	36.14	beyond	
Gamma_Z/M_Z (G_F route, round f H1)	9	G_F	1.15871442992e-5	1.1663787e-5	6.0e-12	CODATA 2022	-6571.0	1.277e+4	beyond	
Gamma_Z/M_Z (G_F route, round f H1)	10	Gamma_Z/M_Z (A1 width, round f)	0.0270845326114	0.0273665394569	2.523e-5	PDG 2024 (derived)	-10305.0	11.18	beyond	
Delta alpha_had (H1 decomposition)	1	constituent light-quark mass m_p/3 [GeV]	0.31275736309	-	-	no physical counterpart	-	-	no reference	no FSOT current-quark absolute mass; constituent mass is a model choice
Delta alpha_had (H1 decomposition)	2	Delta alpha_had^(5) H1	0.0241044885083	0.02783	6.0e-5	PDG 2024 EW review (dispersive, e+e- data)	-1.3387e+5	62.09	BREAK	the light-quark (u,d,s) region below ~2 GeV is non-perturbative (rho, omega, phi resonances)
Deuteron_mu_muN	1	G^4	0.703909203234	-	-	no physical counterpart	-	-	no reference	
Deuteron_mu_muN	2	Poof	0.153482214894	-	-	no physical counterpart	-	-	no reference	
Deuteron_mu_muN	3	G^4 + Poof	0.857391418128	0.8574382335	2.2e-9	CODATA 2022	-54.599	2.128e+4	BREAK	
Deuteron_mu_muN	P1	physical chain: mu_p (FSOT leaf)	2.79284734444	2.79284734463	8.2e-10	CODATA 2022	-6.9553e-5	0.2369	ok	
Deuteron_mu_muN	P2	physical chain: mu_n (FSOT)	none	-	-	CODATA 2022 -1.91304276(45)	-	-	MISSING	no FSOT neutron moment exists (round-f lost-route search)
Deuteron_mu_muN	P3	physical chain: S-state mu_p + mu_n	none	-	-	CODATA: 0.87980458	-	-	MISSING	needs P2
Deuteron_mu_muN	P4	physical chain: D-state, meson-exchange and relativistic terms	none	-	-	CODATA: mu_d - (mu_p + mu_n) = -0.02236635	-	-	MISSING	model-dependent (P_D is not an observable); no FSOT quantity
