# round-j trace (diagnostics, not branches); FSOT values from hub 6f9c2560 leaves / AEB2AD pins
section	step	quantity	FSOT	counterpart	sigma	source	z	note
A m_e chain	1	SI-exact h, c, nu_Cs (=9192631770 Hz): h nu_Cs / c^2 [kg]	6.77726531231e-41	-	-	SI 2019 definitions (exact)	-	the only dimensionful input; it is the Cs hyperfine unit, not a QCD scale
A m_e chain	2	exponent total ln(m_e c^2 / h nu_Cs)	23.321582315	-	-	no physical counterpart	-	pure number reproduced by FSOT; physically m_e = y_e v/sqrt2 (Higgs Yukawa, electroweak sector)
A m_e chain	2a	  e^pi	23.1406926328	-	-	no physical counterpart	-	carries 99.2 % of the exponent
A m_e chain	2b	  (C_factor K ln2)^2 + G P_new psi_con - alpha^5 phi^2/ln^2 2	0.180889682259	-	-	no physical counterpart	-	0.18 = remaining 0.8 % of the exponent
A m_e chain	3	m_e [MeV]	0.51099895061	0.5109989507	1.6e-10	CODATA 2022	0.4978	absolute anchor of every FSOT MeV value that is derived (not read) in MeV
B m_p/m_e	1	6 pi^5 (Lenz, Phys. Rev. 82, 554 (1951) coincidence)	1836.11810871	-	-	no physical counterpart	-	99.998 % of the ratio; no QCD content identifiable (not a binding/quark-mass split)
B m_p/m_e	2	ln2/e^3	0.0345097660675	-	-	no physical counterpart	-	= 0.0176345 MeV of m_p (19 ppm)
B m_p/m_e	3	alpha^2 (1 + psi_con/e^3)	5.49272507032e-5	-	-	no physical counterpart	-	= 2.80678e-5 MeV of m_p (an O(alpha^2) piece; physical EM self-energy of p is ~+0.6 MeV, Gasser-Leutwyler)
B m_p/m_e	4	m_p/m_e total	1836.15267341	1836.152673	3.2e-8	CODATA 2022	0.656	
B m_p/m_e	5	m_p [MeV] = ratio x m_e	938.27208927	938.2720894	2.9e-7	PDG 2024	0.5505	
B m_p/m_e	P1	physical: light-quark sigma term sigma_piN (m_ud <N|uu+dd|N>)	none	42.2	2.4	FLAG 2024 N_f=2+1 (60.9(6.5) for 2+1+1)	-	4.5-6.5 % of m_p; no FSOT term of this size (term 2 is 0.018 MeV)
B m_p/m_e	P2	physical: chiral-limit nucleon mass m_0 (~ m_p - sigma_piN - ...)	none	-	-	no physical counterpart	-	~ 0.87-0.9 GeV, QCD binding (trace anomaly), lattice-computed; FSOT has no counterpart
B m_p/m_e	P3	physical: constituent quark mass ~ m_p/3	312.75736309	-	-	no physical counterpart	-	model concept (DGG); FSOT does not split m_p into constituents
C pion leaf	1	theta_S = sin(psi_con eta_eff)	0.290896540545	-	-	no physical counterpart	-	pure number from seeds; not a QCD quantity (cf. sin theta_C 0.2250: unrelated, no claim)
C pion leaf	2	theta_S^-4	139.651554426	-	-	no physical counterpart	-	99.94 % of the leaf
C pion leaf	3	-theta_S^2 + alpha/(pi-1)	-0.0812133553898	-	-	no physical counterpart	-	
C pion leaf	4	pion leaf (pure number read as MeV)	139.57034107	139.57039	0.00018	PDG 2024 m_pi+-	0.2718	NOT multiplied by m_e or h nu_Cs: the MeV is a unit reading, so FSOT's pion carries no derived scale (m_pi/m_e follows only via CODATA MeV)
C pion leaf	5	m_pi/m_p from leaves	0.148752523566	0.1487525757	1.918e-7	PDG 2024 ratio	0.2717	pin wave2|m_pi/m_p is a separate closed form = 0.1444186853 (vs pi0/p 0.14386)
C pion leaf	P1	physical: GMOR m_pi^2 F^2 = m_ud |<qq>| (x2 with F=f/sqrt2)	none	-	-	no physical counterpart	-	m_pi^2 is linear in m_ud; FSOT's leaf has no quark-mass or F_pi factor
D kaon, quark ratios	1	kaon leaf G^-7 + P_base^-4 - pi^-4 (read as MeV)	493.680211322	493.677	0.015	PDG 2024	0.2141	also a unit reading
D kaon, quark ratios	2	m_u/m_d pin sqrt3 - sqrt phi	0.460031158055	0.465	0.024	FLAG 2024 N_f=2+1+1	0.207	2+1: 0.485(19)
D kaon, quark ratios	3	m_s/m_ud = (m_s/m_d) 2/(1+m_u/m_d)	27.6659088276	27.227	0.081	FLAG 2024 N_f=2+1+1	5.419	2+1: 27.42(12)
D kaon, quark ratios	4	LO ChPT m_s/m_ud = 2 m_K^2/m_pi^2 - 1 from FSOT leaves	24.0227567848	27.227	0.081	FLAG 2024	39.56	LO without EM/NLO is ~12 % low with PDG masses as well; diagnostic only
D kaon, quark ratios	5	absolute m_ud, m_s, m_u, m_d	none	3.427	0.051	FLAG 2024 m_ud (2+1+1), MSbar 2 GeV	-	FSOT has ratios only: no absolute light-quark mass
E chiral-scale carriers	1	f_pi (F_pi = f_pi/sqrt2)	none	92.07	0.57	FLAG 2024 f_pi 130.2(8) N_f=2+1	-	absent in FSOT
E chiral-scale carriers	2	Quark_condensate pin 1/4 (hub reference 0.250: reads as |<qq>|^1/3 in GeV)	0.25	0.272	0.005	FLAG 2019 Sigma^1/3 N_f=2+1 (FLAG 2024 dropped the LEC section)	4.4	unit reading; no m_ud to close GMOR
E chiral-scale carriers	3	Gluon_condensate pin C_cosm - e^-3 (hub reference 0.012: GeV^4 reading)	0.0128328669035	0.012	0.006	SVZ 1979 <alpha_s/pi G^2> (~50 % uncertainty conventional)	0.1388	present (round-i inventory listed it absent: corrected here); usable only in sum rules
E chiral-scale carriers	4	alpha_s(M_Z) seed 2(POOF/psi_con)^2	0.117908816618	0.1183	0.0007	FLAG 2024	0.5588	the only FSOT quantity that fixes a QCD scale: Lambda_QCD in units of M_Z (branch J-1)
E chiral-scale carriers	5	g_A	none	1.2754	0.0013	PDG 2024 lambda = g_A/g_V	-	absent (FLAG 2024 lattice g_A^u-d 1.263(10))
E chiral-scale carriers	6	g_piNN	none	13.24	0.09	Reinert-Krebs-Epelbaum PRL 126 092501 f_c^2 0.0769(10)	-	absent
