# generated by tools/train_2026_10_02c.py under docs/freezes/PROTOCOL_2026-10-02c (committed first); no target evaluated
#member	class	name	bare	central	sigma	z_bare	delta=(m-b)/b	alpha_power	dressing_used_by_leaf
member	W_widths	Neutron_lifetime_s	878.592851392283	878.4	0.5	0.3857	-0.0002195	2	none (pin)
member	W_widths	R_b	0.216230145276809	0.21629	0.00066	0.090689	0.00027681	2	none (pin)
member	W_widths	R_c	0.17210879887232	0.1721	0.003	0.002933	-5.11239e-5	2	none (pin)
member	W_widths	BR_Z_ee	0.0336654326477979	0.033632	4.2e-5	0.79602	-0.000993085	1	none (pin)
member	W_widths	BR_Z_had	0.699175038098444	0.69911	0.00056	0.11614	-9.30212e-5	2	none (pin)
member	W_widths	BR_Z_inv	0.199977541121741	0.2	0.00055	0.040834	0.000112307	2	none (pin)
loo_P3	W_widths	Neutron_lifetime_s	none	0.3857
loo_P3	W_widths	R_b	none	0.090689
loo_P3	W_widths	R_c	none	0.002933
loo_P3	W_widths	BR_Z_ee	none	0.79602
loo_P3	W_widths	BR_Z_had	none	0.11614
loo_P3	W_widths	BR_Z_inv	none	0.040834
member	M_moments	g_e	2.00231931992976	2.00231930436	3.6e-13	43247.0	-7.7754e-9	4	-2(alpha/pi)^3*A_bleed*G^2*P_base/P_new
member	M_moments	g_p	5.55680348121306	5.5856946893	1.6e-9	1.8057e+7	0.00519925	1	+alpha/psi_con^3*(1+yy^2) (additive)
loo_P3	M_moments	g_e	none	43247.0
loo_P3	M_moments	g_p	none	1.8057e+7
member	B1_binding_leaves	He-4	28.3007169365692	28.295662378	8.9e-7	5679.3	-0.000178602	2	*(1-alpha^2(pi+P_base))
member	B1_binding_leaves	H-3	8.48080016263456	8.481796284	8.8e-7	1132.0	0.000117456	2	*(1+yy*gamma*psi_con^2)
loo_P3	B1_binding_leaves	He-4	(1+yy*gamma*psi_con^2)	9414.3
loo_P3	B1_binding_leaves	H-3	(1-alpha^2*pi+P_base)	2853.2
member	B2_binding_ledgerB	He-4	7.06644774248906	7.0739156	2.0e-7	37339.0	0.00105681	1	none (Ledger B row)
member	B2_binding_ledgerB	Li-6	5.33631581720894	5.3323312	3.0e-7	13282.0	-0.000746698	1	none (Ledger B row)
member	B2_binding_ledgerB	Li-7	5.60502449058279	5.6064401	6.0e-7	2359.3	0.000252561	2	none (Ledger B row)
member	B2_binding_ledgerB	Be-9	6.46514240744751	6.4626693	8.5e-6	290.95	-0.000382529	2	none (Ledger B row)
member	B2_binding_ledgerB	C-12	7.68935837560102	7.6801446	2.0e-7	46069.0	-0.00119825	1	none (Ledger B row)
member	B2_binding_ledgerB	N-14	7.48622252507824	7.4756148	2.0e-7	53039.0	-0.00141697	1	none (Ledger B row)
member	B2_binding_ledgerB	O-16	7.96627176383218	7.9762072	2.0e-7	49677.0	0.00124719	1	none (Ledger B row)
member	B2_binding_ledgerB	Fe-56	8.79036296239171	8.7903563	4.8e-6	1.388	-7.5792e-7	3	none (Ledger B row)
member	B2_binding_ledgerB	Ni-62	8.79497774799496	8.7945555	6.9e-6	61.195	-4.80101e-5	2	none (Ledger B row)
member	B2_binding_ledgerB	U-235	7.60140187517003	7.5909151	4.8e-6	2184.7	-0.00137958	1	none (Ledger B row)
member	B2_binding_ledgerB	U-238	7.5425383138251	7.5701262	6.3e-6	4379.0	0.00365764	1	none (Ledger B row)
member	B2_binding_ledgerB	Pu-239	7.5425383138251	7.5603187	4.7e-6	3783.1	0.00235735	1	none (Ledger B row)
member	B2_binding_ledgerB	Pb-208	7.85599830585491	7.867453	5.5e-6	2082.7	0.00145808	1	none (Ledger B row)
loo_P3	B2_binding_ledgerB	He-4	none	37339.0
loo_P3	B2_binding_ledgerB	Li-6	none	13282.0
loo_P3	B2_binding_ledgerB	Li-7	none	2359.3
loo_P3	B2_binding_ledgerB	Be-9	none	290.95
loo_P3	B2_binding_ledgerB	C-12	none	46069.0
loo_P3	B2_binding_ledgerB	N-14	none	53039.0
loo_P3	B2_binding_ledgerB	O-16	none	49677.0
loo_P3	B2_binding_ledgerB	Fe-56	none	1.388
loo_P3	B2_binding_ledgerB	Ni-62	none	61.195
loo_P3	B2_binding_ledgerB	U-235	none	2184.7
loo_P3	B2_binding_ledgerB	U-238	none	4379.0
loo_P3	B2_binding_ledgerB	Pu-239	none	3783.1
loo_P3	B2_binding_ledgerB	Pb-208	none	2082.7
loo_P4	B2_binding_ledgerB	He-4	v=1 c=0.000316668	26151.0
loo_P4	B2_binding_ledgerB	Li-6	v=1 c=0.00046696	21588.0
loo_P4	B2_binding_ledgerB	Li-7	v=1 c=0.000383689	1225.0
loo_P4	B2_binding_ledgerB	Be-9	v=1 c=0.000436613	623.04
loo_P4	B2_binding_ledgerB	C-12	v=1 c=0.00050459	65469.0
loo_P4	B2_binding_ledgerB	N-14	v=1 c=0.000522816	72608.0
loo_P4	B2_binding_ledgerB	O-16	v=1 c=0.000300803	37696.0
loo_P4	B2_binding_ledgerB	Fe-56	v=1 c=0.000404799	742.71
loo_P4	B2_binding_ledgerB	Ni-62	v=1 c=0.000408736	582.18
loo_P4	B2_binding_ledgerB	U-235	v=1 c=0.000519701	3007.8
loo_P4	B2_binding_ledgerB	U-238	v=1 c=9.99323e-5	4259.4
loo_P4	B2_binding_ledgerB	Pu-239	v=1 c=0.00020829	3448.8
loo_P4	B2_binding_ledgerB	Pb-208	v=1 c=0.000283229	1678.1
P4_summary	B2_binding_ledgerB	v=1	loo_pass=0/13
loo_P4	B2_binding_ledgerB	He-4	v=A c=6.31633e-6	36447.0
loo_P4	B2_binding_ledgerB	Li-6	v=A c=6.35649e-6	13960.0
loo_P4	B2_binding_ledgerB	Li-7	v=A c=6.32846e-6	1945.5
loo_P4	B2_binding_ledgerB	Be-9	v=A c=6.35307e-6	334.44
loo_P4	B2_binding_ledgerB	C-12	v=A c=6.40463e-6	49024.0
loo_P4	B2_binding_ledgerB	N-14	v=A c=6.43098e-6	56409.0
loo_P4	B2_binding_ledgerB	O-16	v=A c=6.25166e-6	45693.0
loo_P4	B2_binding_ledgerB	Fe-56	v=A c=6.42689e-6	660.49
loo_P4	B2_binding_ledgerB	Ni-62	v=A c=6.46151e-6	571.83
loo_P4	B2_binding_ledgerB	U-235	v=A c=1.04256e-5	6064.6
loo_P4	B2_binding_ledgerB	U-238	v=A c=3.20305e-6	3466.4
loo_P4	B2_binding_ledgerB	Pu-239	v=A c=5.09782e-6	1827.8
loo_P4	B2_binding_ledgerB	Pb-208	v=A c=6.16988e-6	249.6
P4_summary	B2_binding_ledgerB	v=A	loo_pass=0/13
loo_P4	B2_binding_ledgerB	He-4	v=A^-1/3 c=-6.31155e-5	38744.0
loo_P4	B2_binding_ledgerB	Li-6	v=A^-1/3 c=0.000588826	19046.0
loo_P4	B2_binding_ledgerB	Li-7	v=A^-1/3 c=0.000257279	1102.9
loo_P4	B2_binding_ledgerB	Be-9	v=A^-1/3 c=0.000433392	449.43
loo_P4	B2_binding_ledgerB	C-12	v=A^-1/3 c=0.000615042	56397.0
loo_P4	B2_binding_ledgerB	N-14	v=A^-1/3 c=0.000644671	63051.0
loo_P4	B2_binding_ledgerB	O-16	v=A^-1/3 c=3.98257e-5	49048.0
loo_P4	B2_binding_ledgerB	Fe-56	v=A^-1/3 c=0.000299226	144.62
loo_P4	B2_binding_ledgerB	Ni-62	v=A^-1/3 c=0.000304801	159.36
loo_P4	B2_binding_ledgerB	U-235	v=A^-1/3 c=0.000408032	2289.5
loo_P4	B2_binding_ledgerB	U-238	v=A^-1/3 c=-1.20487e-5	4381.4
loo_P4	B2_binding_ledgerB	Pu-239	v=A^-1/3 c=9.65223e-5	3758.1
loo_P4	B2_binding_ledgerB	Pb-208	v=A^-1/3 c=0.000165782	2042.7
P4_summary	B2_binding_ledgerB	v=A^-1/3	loo_pass=0/13
loo_P4	B2_binding_ledgerB	He-4	v=B/A c=4.66501e-5	25680.0
loo_P4	B2_binding_ledgerB	Li-6	v=B/A c=6.17871e-5	19143.0
loo_P4	B2_binding_ledgerB	Li-7	v=B/A c=5.42036e-5	479.49
loo_P4	B2_binding_ledgerB	Be-9	v=B/A c=6.07742e-5	589.69
loo_P4	B2_binding_ledgerB	C-12	v=B/A c=7.25615e-5	67495.0
loo_P4	B2_binding_ledgerB	N-14	v=B/A c=7.43191e-5	73835.0
loo_P4	B2_binding_ledgerB	O-16	v=B/A c=4.38437e-5	35748.0
loo_P4	B2_binding_ledgerB	Fe-56	v=B/A c=6.02944e-5	972.01
loo_P4	B2_binding_ledgerB	Ni-62	v=B/A c=6.09493e-5	744.43
loo_P4	B2_binding_ledgerB	U-235	v=B/A c=7.43323e-5	3078.3
loo_P4	B2_binding_ledgerB	U-238	v=B/A c=1.66041e-5	4228.5
loo_P4	B2_binding_ledgerB	Pu-239	v=B/A c=3.15134e-5	3400.7
loo_P4	B2_binding_ledgerB	Pb-208	v=B/A c=4.14092e-5	1617.3
P4_summary	B2_binding_ledgerB	v=B/A	loo_pass=0/13
member	T_thermal	Omega_b_h2	0.0224616214186474	0.02237	0.00015	0.61081	-0.00407902	1	none (pin)
member	T_thermal	N_eff	3.04571345428836	2.99	0.17	0.32773	-0.0182924	1	none (pin)
member	T_thermal	eta_b	6.13974953542555e-10	6.04e-10	1.2e-11	0.83125	-0.0162465	1	none (pin)
loo_P3	T_thermal	Omega_b_h2	none	0.61081
loo_P3	T_thermal	N_eff	none	0.32773
loo_P3	T_thermal	eta_b	none	0.83125
verdict	W_widths	{"accepted": false, "alpha_power_agree": "5/6", "n": 6, "p3_full_selection": "none", "p3_loo_pass": "6/6", "p4_best": "-", "sign_agree": "4/6"}
verdict	M_moments	{"accepted": false, "alpha_power_agree": "1/2", "n": 2, "p3_full_selection": "none", "p3_loo_pass": "0/2", "p4_best": "-", "sign_agree": "1/2"}
verdict	B1_binding_leaves	{"accepted": false, "alpha_power_agree": "2/2", "n": 2, "p3_full_selection": "none", "p3_loo_pass": "0/2", "p4_best": "-", "sign_agree": "1/2"}
verdict	B2_binding_ledgerB	{"accepted": false, "alpha_power_agree": "9/13", "n": 13, "p3_full_selection": "none", "p3_loo_pass": "0/13", "p4_best": "1 0/13", "sign_agree": "7/13"}
verdict	T_thermal	{"accepted": false, "alpha_power_agree": "3/3", "n": 3, "p3_full_selection": "none", "p3_loo_pass": "3/3", "p4_best": "-", "sign_agree": "3/3"}
