# IAEA LiveChart API https://nds.iaea.org/relnsd/v1/data?fields=ground_states&nuclides=<n> fetched 2026-10-02; columns magnetic_dipole, unc_md in nuclear magnetons (ENSDF/Stone evaluation)
z,n,symbol,radius,unc_r,abundance,unc_a,energy_shift,energy,unc_e,ripl_shift,jp,half_life,operator_hl,unc_hl,unit_hl,half_life_sec,unc_hls,decay_1,decay_1_%,unc_1,decay_2,decay_2_%,unc_2,decay_3,decay_3_%,unc_3,isospin,magnetic_dipole,unc_md,electric_quadrupole,unc_eq,qbm,unc_qb,qbm_n,unc_qbmn,qa,unc_qa,qec,unc_qec,sn,unc_sn,sp,unc_sp,binding,unc_ba,atomic_mass,unc_am,massexcess,unc_me,me_systematics,discovery,ENSDFpublicationcut-off,ENSDFauthors,Extraction_date
3,4,Li,2.4440,0.0420,95.15,1.71,,0,,,3/2-,STABLE,,,,,,,,,,,,,,,1/2,3.256407,0.000012,-0.04,0.0003,-861.893,0.0707,-11539.2472,5.4478,-2467.6221,0.0042,-11166.023,7.559,7251.0939,0.0045,9973.9616,0.0531,5606.4401,0.0006,7016003.43426,0.00450,14907.10463,0.00419,N,1921,23-Aug-2001,HU and  TILLEY and  KELLEY and  GODWIN et al.,2026-10-02
5,6,B,2.4060,0.0294,80.35,0.44,,0,,,3/2-,STABLE,,,,,,,,,,,,,,,1/2,2.688378,0.000001,0.04059,0.0001,-1981.6889,0.0608,-15102.2829,0.0714,-8664.3124,0.0128,-11509.461,0.238,11454.2206,0.0192,11228.7495,0.0818,6927.7323,0.0011,11009305.166,0.013,8667.708,0.012,N,1920,1-Jan-2011,J.H. KELLEY and  C.G. SHEU,2026-10-02
6,7,C,2.4614,0.0034,1.06,0.06,,0,,,1/2-,STABLE,,,,,,,,,,,,,,,,0.702369,0.000004,,,-2220.4718,0.2695,-22284.3768,0.9999,-10648.3575,0.0765,-13436.939,1.0,4946.3087,0.0005,17533.3596,1.3214,7469.8495,0.0002,13003354.83534,0.00025,3125.00933,0.00023,N,1929,1-Aug-2024,J.H. Kelley and  C.G. Sheu and J. E. Purcell,2026-10-02
7,7,N,2.5582,0.0070,99.6205,0.0247,,0,,,1+,STABLE,,,,,,,,,,,,,,,0,0.403573,0.000002,0.02044,0.00003,-5144.3643,0.0252,-28323.3329,9.5263,-11612.1097,0.0149,-156.476,0.004,10553.3823,0.2695,7550.5636,0.0001,7475.6148,0.0002,14003074.00425,0.00024,2863.41683,0.00022,N,1920,1-JUL-1990,F. AJZENBERG-SELOVE,2026-10-02
9,10,F,2.8976,0.0025,100,,,0,,,1/2+,STABLE,,,,,,,,,,,,,,,1/2,2.628321,0.000004,,,-3239.4986,0.1601,-14876.3806,0.3634,-4013.7991,0.0010,-4820.303,2.637,10431.8757,0.4633,7993.5998,0.0010,7779.0192,0.0002,18998403.16207,0.00088,-1487.44512,0.00082,N,1920,31-OCT-1994,TILLEY and  WELLER and  CHEVES and  CHASTELER,2026-10-02
11,12,Na,2.9936,0.0021,100,,,0,,,3/2+,STABLE,,,,,,,,,,,,,,,,2.2175,0.00003,0.104,0.001,-4056.179,0.0317,-17201.1852,0.1593,-10467.3243,0.0020,-4375.809,0.104,12419.7801,0.1318,8794.1088,0.0178,8111.4936,0.0002,22989769.28195,0.00194,-9529.85352,0.00181,N,1921,1-Jun-2020,M.S. Basunia{+#} and  A. Chakraborty{+##},2026-10-02
13,14,Al,3.0610,0.0031,100,,,0,,,5/2+,STABLE,,,,,,,,,,,,,,,,3.6407,0.00002,0.1466,0.001,-4812.3583,0.0964,-18127.1784,0.1176,-10091.9259,0.0473,-2610.27,0.06,13058.0422,0.0814,8271.2911,0.0557,8331.5533,0.0018,26981538.408,0.050,-17196.864,0.047,N,1922,30-Nov-2010,M. Shamsuzzoha Basunia,2026-10-02
15,16,P,3.1889,0.0019,100,,,0,,,1/2+,STABLE,,,,,,,,,,,,,,,,1.130925,0.000005,,,-5398.013,0.2292,-18452.6080,0.2062,-9668.5967,0.0474,-1491.507,0.043,12311.0066,0.0652,7296.5531,0.0216,8481.1677,0.0002,30973761.99768,0.00080,-24440.54442,0.00075,N,1920,24-Jun-2022,Jun Chen and Balraj Singh,2026-10-02
25,30,Mn,3.7057,0.0022,100,,,0,,,5/2-,STABLE,,,,,,,,,,,,,,,,3.4467,0.0016,0.33,0.01,-231.1204,0.1786,-9529.2447,0.2461,-7934.3526,0.2650,-2602.218,0.346,10225.6135,1.0347,8066.1340,0.2628,8765.0247,0.0047,54938043.04,0.279,-57712.542,0.260,N,1923,30-Apr-2007,HUO JUNDE,2026-10-02
