#pin	AEB2ADAD6E80F487772C5DF90A2E3DDA71624AB831A6A83B94AB471AC9AAC170	169
const	PI	3.1415926535897932384626433832795028841971693993751
const	E	2.7182818284590452353602874713526624977572470937000
const	PHI	1.6180339887498948482045868343656381177203091798058
const	GAMMA	5.7721566490153286060651209008240243104215933593992e-1
const	G_CAT	9.1596559417721901505460351493238411077414937428167e-1
const	ALPHA	8.0829374141404044312705011765842005399510540208801e-4
const	PSI_CON	6.3212055882855767840447622983853913255418886896823e-1
const	ETA_EFF	4.6694220692425985998339481323366757314326840674318e-1
const	BETA	2.6208669113332230079659031950459023165890343904948e-17
const	GAMMA_C	-4.2838851679220657239046345406047207834735127945168e-1
const	OMEGA	1.2941305780559661782584317429656526948064634465407
const	THETA_S	2.9089654054517306390407755572440326397870770721769e-1
const	POOF	1.5348221489445079910819397263148311778909269545395e-1
const	C_EFF	9.5774802133782426776708397717345371304644791865112e-1
const	A_BLEED	1.0469736305875510479944010893274985086379517243744
const	P_VAR	9.5798712267227574298012347968347185668911366196382e-1
const	B_IN	7.8797848921008588808606276473951084370984721279822e-1
const	A_IN	1.6668538450045730429519037608383471556533672886222
const	SUCTION	1.4703398542810282486066079564381082923203891666308e-1
const	CHAOS	-3.3102418261048184117525238337709910027806936155306e-1
const	P_BASE	2.1234577623937842245507726769782102059270547813039e-1
const	P_NEW	3.0030227667037148123499897419686964352723973036138e-1
const	C_FACTOR	2.8761391128429215221261541448255116750490022331023e-1
const	K	4.2010876364988794091537199035249421857574511746219e-1
const	C_COSM	6.2619935271334612155873292535939343550362174961840e-2
const	S_COSM	-5.0237731817614781868177889914058744567326467089208e-1
const	S_QUANT	9.5019747016701420406929823691255270935876830911052e-1
const	S_CHEM	9.5528934009164053391099688811029838960680173241104e-1
domain.D_eff	Particle_Physics	5
domain.hits	Particle_Physics	0
domain.observed	Particle_Physics	1
domain.look	Particle_Physics	1.0000000000000000000000000000000000000000000000000
domain.C	Particle_Physics	3.5673889974801703456633541090382957361210904503830e-1
domain.S	Particle_Physics	9.5019747016701420406929823691255270935876830911052e-1
correct72	Particle_Physics	7.2055298784113528543093769338921929084641507918306e+1
domain.D_eff	Quantum_Mechanics	5
domain.hits	Quantum_Mechanics	0
domain.observed	Quantum_Mechanics	1
domain.look	Quantum_Mechanics	1.0000000000000000000000000000000000000000000000000
domain.C	Quantum_Mechanics	3.5673889974801703456633541090382957361210904503830e-1
domain.S	Quantum_Mechanics	9.5019747016701420406929823691255270935876830911052e-1
correct72	Quantum_Mechanics	7.2055298784113528543093769338921929084641507918306e+1
domain.D_eff	Atomic_Physics	6
domain.hits	Atomic_Physics	0
domain.observed	Atomic_Physics	1
domain.look	Atomic_Physics	8.6525597943226508721777478964608961742874462390851e-1
domain.C	Atomic_Physics	8.6525597943226508721777478964608961742874462390851e-1
domain.S	Atomic_Physics	7.5876038029899231343761525499021784148306455698389e-1
correct72	Atomic_Physics	7.2044157691197260112934438448405439721644515369750e+1
domain.D_eff	High_Energy_Physics	6
domain.hits	High_Energy_Physics	1
domain.observed	High_Energy_Physics	1
domain.look	High_Energy_Physics	9.5114509364571126475870681725806650084231257608704e-1
domain.C	High_Energy_Physics	5.7154998574451372239286747539478352031407954613811e-4
domain.S	High_Energy_Physics	8.8732952237250877667399090532841493230786685759384e-1
correct72	High_Energy_Physics	7.2051640048764403820877310625620986156716216484681e+1
domain.D_eff	Physical_Chemistry	6
domain.hits	Physical_Chemistry	0
domain.observed	Physical_Chemistry	1
domain.look	Physical_Chemistry	1.0000000000000000000000000000000000000000000000000
domain.C	Physical_Chemistry	8.6525597943226508721777478964608961742874462390851e-1
domain.S	Physical_Chemistry	9.5528934009164053391099688811029838960680173241104e-1
correct72	Physical_Chemistry	7.2055595116428164771880113795955151768285856725900e+1
domain.D_eff	Chemistry	6
domain.hits	Chemistry	0
domain.observed	Chemistry	1
domain.look	Chemistry	1.0000000000000000000000000000000000000000000000000
domain.C	Chemistry	8.6525597943226508721777478964608961742874462390851e-1
domain.S	Chemistry	9.5528934009164053391099688811029838960680173241104e-1
correct72	Chemistry	7.2055595116428164771880113795955151768285856725900e+1
domain.D_eff	Electromagnetism	7
domain.hits	Electromagnetism	0
domain.observed	Electromagnetism	1
domain.look	Electromagnetism	1.0000000000000000000000000000000000000000000000000
domain.C	Electromagnetism	8.6525597943226508721777478964608961742874462390851e-1
domain.S	Electromagnetism	9.5572857009558270818952986539565423121072851170000e-1
correct72	Electromagnetism	7.2055620678362317167992326810275885826903459259661e+1
domain.D_eff	Molecular_Chemistry	7
domain.hits	Molecular_Chemistry	0
domain.observed	Molecular_Chemistry	1
domain.look	Molecular_Chemistry	1.0000000000000000000000000000000000000000000000000
domain.C	Molecular_Chemistry	4.2112259069852629547898678759036072879677676659399e-1
domain.S	Molecular_Chemistry	9.5572857009558270818952986539565423121072851170000e-1
correct72	Molecular_Chemistry	7.2055620678362317167992326810275885826903459259661e+1
domain.D_eff	Optics	8
domain.hits	Optics	0
domain.observed	Optics	1
domain.look	Optics	1.0000000000000000000000000000000000000000000000000
domain.C	Optics	1.1557273497909217179100931833126962991208510231644
domain.S	Optics	9.5365945231210788796237376297536496040546955978834e-1
correct72	Optics	7.2055500261605583722394071113867223402683694940435e+1
domain.D_eff	Acoustics	8
domain.hits	Acoustics	0
domain.observed	Acoustics	1
domain.look	Acoustics	1.0000000000000000000000000000000000000000000000000
domain.C	Acoustics	7.4032215391195669911956925061768637860163894292862e-1
domain.S	Acoustics	9.5365945231210788796237376297536496040546955978834e-1
correct72	Acoustics	7.2055500261605583722394071113867223402683694940435e+1
domain.D_eff	Materials_Science	8
domain.hits	Materials_Science	0
domain.observed	Materials_Science	1
domain.look	Materials_Science	1.0000000000000000000000000000000000000000000000000
domain.C	Materials_Science	6.1320126101475226643282468960596658861136952679259e-1
domain.S	Materials_Science	9.5365945231210788796237376297536496040546955978834e-1
correct72	Materials_Science	7.2055500261605583722394071113867223402683694940435e+1
domain.D_eff	Quantum_Computing	8
domain.hits	Quantum_Computing	0
domain.observed	Quantum_Computing	0
domain.look	Quantum_Computing	1.0000000000000000000000000000000000000000000000000
domain.C	Quantum_Computing	5.2026009502288889635815244331633253808613080158911e-1
domain.S	Quantum_Computing	-6.5263352053589834973710904123776334865249150989300e-1
correct72	Quantum_Computing	7.2037981410486204835724182873140026257516286425537e+1
domain.D_eff	Quantum_Optics	8
domain.hits	Quantum_Optics	0
domain.observed	Quantum_Optics	1
domain.look	Quantum_Optics	1.0000000000000000000000000000000000000000000000000
domain.C	Quantum_Optics	1.1557273497909217179100931833126962991208510231644
domain.S	Quantum_Optics	9.5365945231210788796237376297536496040546955978834e-1
correct72	Quantum_Optics	7.2055500261605583722394071113867223402683694940435e+1
domain.D_eff	Biology	9
domain.hits	Biology	0
domain.observed	Biology	0
domain.look	Biology	1.0000000000000000000000000000000000000000000000000
domain.C	Biology	3.4026814468680020157392403259146071692465404181899e-1
domain.S	Biology	-6.4566370558676152560648744842062258097155321858955e-1
correct72	Biology	7.2037575787124446341147326232022570920843487522331e+1
domain.D_eff	Biochemistry	10
domain.hits	Biochemistry	0
domain.observed	Biochemistry	1
domain.look	Biochemistry	1.0000000000000000000000000000000000000000000000000
domain.C	Biochemistry	3.4026814468680020157392403259146071692465404181899e-1
domain.S	Biochemistry	9.4594408059994515180879690076589398759277395680201e-1
correct72	Biochemistry	7.2055051248965514789416785680009484494063847098952e+1
domain.D_eff	Neuroscience	11
domain.hits	Neuroscience	0
domain.observed	Neuroscience	1
domain.look	Neuroscience	1.0000000000000000000000000000000000000000000000000
domain.C	Neuroscience	2.8761391128429215221261541448255116750490022331023e-1
domain.S	Neuroscience	9.4127062715630400762934173931928275871225393538202e-1
correct72	Neuroscience	7.2054779267297326267125380567615902642557764035081e+1
domain.D_eff	Condensed_Matter	11
domain.hits	Condensed_Matter	0
domain.observed	Condensed_Matter	1
domain.look	Condensed_Matter	1.0000000000000000000000000000000000000000000000000
domain.C	Condensed_Matter	3.8516007414178437097236847299286472080193091082979e-1
domain.S	Condensed_Matter	9.4127062715630400762934173931928275871225393538202e-1
correct72	Condensed_Matter	7.2054779267297326267125380567615902642557764035081e+1
domain.D_eff	Thermodynamics	12
domain.hits	Thermodynamics	0
domain.observed	Thermodynamics	1
domain.look	Thermodynamics	1.0000000000000000000000000000000000000000000000000
domain.C	Thermodynamics	2.1234577623937842245507726769782102059270547813039e-1
domain.S	Thermodynamics	9.3638756406297475801674874402248763977413716865365e-1
correct72	Thermodynamics	7.2054495086945042977107063889093786271717195456612e+1
domain.D_eff	Fluid_Dynamics	12
domain.hits	Fluid_Dynamics	0
domain.observed	Fluid_Dynamics	0
domain.look	Fluid_Dynamics	1.0000000000000000000000000000000000000000000000000
domain.C	Fluid_Dynamics	6.4706528902798308912921587148282634740323172327035e-1
domain.S	Fluid_Dynamics	-6.1790713887001956798509702779979111374111703900578e-1
correct72	Fluid_Dynamics	7.2035960434064905908595607172352145234503881232747e+1
domain.D_eff	Nuclear_Physics	12
domain.hits	Nuclear_Physics	0
domain.observed	Nuclear_Physics	1
domain.look	Nuclear_Physics	1.0000000000000000000000000000000000000000000000000
domain.C	Nuclear_Physics	4.9955300508769548678149739585037068000266965668157e-4
domain.S	Nuclear_Physics	9.3638756406297475801674874402248763977413716865365e-1
correct72	Nuclear_Physics	7.2054495086945042977107063889093786271717195456612e+1
domain.D_eff	Ecology	12
domain.hits	Ecology	0
domain.observed	Ecology	0
domain.look	Ecology	1.0000000000000000000000000000000000000000000000000
domain.C	Ecology	2.9740526367520332486291208447607257021312118598253e-1
domain.S	Ecology	-6.1790713887001956798509702779979111374111703900578e-1
correct72	Ecology	7.2035960434064905908595607172352145234503881232747e+1
domain.D_eff	Meteorology	13
domain.hits	Meteorology	0
domain.observed	Meteorology	0
domain.look	Meteorology	1.0000000000000000000000000000000000000000000000000
domain.C	Meteorology	-3.3102418261048184117525238337709910027806936155306e-1
domain.S	Meteorology	-6.0793419147477086925809522178445924528373228462449e-1
correct72	Meteorology	7.2035380036955567678044373765707460269727517653829e+1
domain.D_eff	Psychology	13
domain.hits	Psychology	0
domain.observed	Psychology	1
domain.look	Psychology	1.0000000000000000000000000000000000000000000000000
domain.C	Psychology	2.1234577623937842245507726769782102059270547813039e-1
domain.S	Psychology	9.3142731123322288333436152809624127038461076146511e-1
correct72	Psychology	7.2054206414370138356966936020450127805422085359590e+1
domain.D_eff	Atmospheric_Physics	14
domain.hits	Atmospheric_Physics	0
domain.observed	Atmospheric_Physics	0
domain.look	Atmospheric_Physics	1.0000000000000000000000000000000000000000000000000
domain.C	Atmospheric_Physics	-3.3102418261048184117525238337709910027806936155306e-1
domain.S	Atmospheric_Physics	-5.9797223019225841721188379270322786628873931484656e-1
correct72	Atmospheric_Physics	7.2034800279206673484256645191168558225274767383868e+1
domain.D_eff	Oceanography	14
domain.hits	Oceanography	0
domain.observed	Oceanography	0
domain.look	Oceanography	1.0000000000000000000000000000000000000000000000000
domain.C	Oceanography	1.0301723304912752670517965863521148747630160983437
domain.S	Oceanography	-5.9797223019225841721188379270322786628873931484656e-1
correct72	Oceanography	7.2034800279206673484256645191168558225274767383868e+1
domain.D_eff	Seismology	15
domain.hits	Seismology	0
domain.observed	Seismology	0
domain.look	Seismology	1.0000000000000000000000000000000000000000000000000
domain.C	Seismology	-1.6551209130524092058762619168854955013903468077653e-1
domain.S	Seismology	-5.8812534410683021053365570642252199011516112464908e-1
correct72	Seismology	7.2034227218506214143628086103367268871571246161141e+1
domain.D_eff	Sociology	15
domain.hits	Sociology	0
domain.observed	Sociology	1
domain.look	Sociology	1.0000000000000000000000000000000000000000000000000
domain.C	Sociology	5.0423743805136483609497723314272345398433640036051e-1
domain.S	Sociology	9.2157496895998858627852133405246383394499080477395e-1
correct72	Sociology	7.2053633036135102210081521805435378453004323269212e+1
domain.D_eff	Geophysics	16
domain.hits	Geophysics	0
domain.observed	Geophysics	0
domain.look	Geophysics	1.0000000000000000000000000000000000000000000000000
domain.C	Geophysics	-3.3102418261048184117525238337709910027806936155306e-1
domain.S	Geophysics	-5.7845816665156777086803528326857395195584380212853e-1
correct72	Geophysics	7.2033664616335749760753019845036422946422855031612e+1
domain.D_eff	Astronomy	18
domain.hits	Astronomy	0
domain.observed	Astronomy	1
domain.look	Astronomy	1.0000000000000000000000000000000000000000000000000
domain.C	Astronomy	6.0997509753887733457546791213519873645345014190819
domain.S	Astronomy	9.0748805522724782284300655876014251677562125153707e-1
correct72	Astronomy	7.2052813217912269212315264502475907012246349012173e+1
domain.D_eff	Economics	18
domain.hits	Economics	0
domain.observed	Economics	1
domain.look	Economics	1.0000000000000000000000000000000000000000000000000
domain.C	Economics	5.0423743805136483609497723314272345398433640036051e-1
domain.S	Economics	9.0748805522724782284300655876014251677562125153707e-1
correct72	Economics	7.2052813217912269212315264502475907012246349012173e+1
domain.D_eff	Planetary_Science	19
domain.hits	Planetary_Science	0
domain.observed	Planetary_Science	1
domain.look	Planetary_Science	1.0000000000000000000000000000000000000000000000000
domain.C	Planetary_Science	6.0997509753887733457546791213519873645345014190819
domain.S	Planetary_Science	9.0303420537929704215465254624892994813716759399918e-1
correct72	Planetary_Science	7.2052554016547343864914943350848899072141754453256e+1
domain.D_eff	Quantum_Gravity	21
domain.hits	Quantum_Gravity	0
domain.observed	Quantum_Gravity	0
domain.look	Quantum_Gravity	1.0000000000000000000000000000000000000000000000000
domain.C	Quantum_Gravity	3.8196601125010515179541316563436188227969082019424e-1
domain.S	Quantum_Gravity	-5.3370624168858136128073854891997517960286457315755e-1
correct72	Quantum_Gravity	7.2031060181873555247909664328300440251530054948004e+1
domain.D_eff	Particle_Astrophysics	23
domain.hits	Particle_Astrophysics	0
domain.observed	Particle_Astrophysics	0
domain.look	Particle_Astrophysics	1.0000000000000000000000000000000000000000000000000
domain.C	Particle_Astrophysics	3.6308245516559609314975232135071908402802893349968
domain.S	Particle_Astrophysics	-5.1756733558985655136571862206693060167910271556260e-1
correct72	Particle_Astrophysics	7.2030120943544468740982337568408843569620779074234e+1
domain.D_eff	Astrophysics	23
domain.hits	Astrophysics	0
domain.observed	Astrophysics	1
domain.look	Astrophysics	1.0000000000000000000000000000000000000000000000000
domain.C	Astrophysics	6.0997509753887733457546791213519873645345014190819
domain.S	Astrophysics	8.8648147577915468192283803988964805493153515822320e-1
correct72	Astrophysics	7.2051590694870127656772171083580904514503619243048e+1
domain.D_eff	Cosmology	25
domain.hits	Cosmology	0
domain.observed	Cosmology	0
domain.look	Cosmology	1.0000000000000000000000000000000000000000000000000
domain.C	Cosmology	6.2619935271334612155873292535939343550362174961840e-2
domain.S	Cosmology	-5.0237731817614781868177889914058744567326467089208e-1
correct72	Cosmology	7.2029236927831930824823145955397312485414818553458e+1
sec.wave1.0	alpha_s(M_Z)	1.1709966304863832138048453693333374442782984255212e-1
sec.wave1.1	H0	6.8444995563826667897297566662111189384546505870652e+1
sec.wave1.2	T_CMB	2.7247116903430661513554951519478184718028486708919
sec.wave1.3	n_s	9.6333383659547170297445110866307488184089720271181e-1
sec.wave1.4	Omega_b_h2	2.2461621418647439568385717048195613961467343294758e-2
sec.validation_suite.0	alpha_FSOT	8.0829374141404044312705011765842005399510540208801e-4
sec.validation_suite.1	Tetrahedral_refined	1.0947122063449069136924599933996243596300684310091e+2
sec.validation_suite.2	Tetrahedral_FSOT	1.0677462732845621369487227570627195178680179636388e+2
sec.validation_suite.3	Water_bond_angle	1.0453680149989005827319202197956109076964910800522e+2
sec.validation_suite.4	DNA_base_pair	3.3964531607189791367422872693231103225404359058680
sec.validation_suite.5	Golden_angle	1.3750776405003785464634873962837027762068869526993e+2
sec.validation_suite.6	Proton_radius	8.4130000000000000000000000000000000000000000000000e-1
sec.validation_suite.7	Dark_energy_wa	-8.0810977158108103780280610748683837849630412042550e-1
sec.validation_suite.8	Richardson_D=4	1.4426999059072135570760232384404246423423189857272
sec.validation_suite.9	Richardson_D=13	1.1397230490720158218757767422611523350549340330049
sec.validation_suite.10	Richardson_D=25	1.0000000000000000000000000000000000000000000000000
sec.validation_suite.11	sin2_theta_W	2.3122202914793052333898502356041965766557488424088e-1
sec.validation_suite.12	M_Z/M_W	1.1346009294087022520882750946407837727628404985102
sec.validation_suite.13	Feigenbaum_delta	4.6692109130897192062733914142534356356299724863141
sec.validation_suite.14	Feigenbaum_alpha	2.5029671355214552161990352467262720307467097444052
sec.validation_suite.15	Apery_zeta3	1.2020476693577490185155653488288688116182903832546
sec.validation_suite.16	Water_anomaly_C	3.9799735124412238978127930723041820647467688749346
sec.validation_suite.17	GUT_coupling	3.3780564332598021019397397042079256533375307629614e-2
sec.validation_suite.18	Identity_pi_4	7.8539816339744830961566084581987572104929234984378e-1
sec.validation_suite.19	Identity_2sqrtpi_5	7.0898154036220641091926699333645807311901978244895e-1
sec.validation_suite.20	Age_over_T_CMB	5.0601279303334629663037451398434425238549194643322
sec.validation_suite.21	CMB_asymmetry	6.7591759866365227175779364991028830654794977258818e-2
sec.validation_suite.22	Mantle_Vp_Vs	1.8133764923916034996131345312710400191076641813726
sec.validation_suite.23	V24_alpha_s(M_Z)	1.1709966304863832138048453693333374442782984255212e-1
sec.validation_suite.24	V25_H0	6.8444995563826667897297566662111189384546505870652e+1
sec.validation_suite.25	V26_T_CMB	2.7247116903430661513554951519478184718028486708919
sec.validation_suite.26	V27_n_s	9.6333383659547170297445110866307488184089720271181e-1
sec.validation_suite.27	V28_Omega_b_h2	2.2461621418647439568385717048195613961467343294758e-2
sec.wave2.0	1/alpha_em	1.3703619755957267491163752263438387661111255706880e+2
sec.wave2.1	sin2_theta_W	2.3118997459960095994689227365851624292204130161219e-1
sec.wave2.2	M_W/M_Z	8.7537366531929657479304301547915349743612903605395e-1
sec.wave2.3	Omega_Lambda	6.8273603813527809661007584963027035406773138915057e-1
sec.wave2.4	Omega_m	3.1532918824500666023710575457049044928071528571385e-1
sec.wave2.5	Omega_DM_h2	1.2058582009653828650577651352048906007802379785505e-1
sec.wave2.6	sigma_8	8.0838183941074666077035535057780766154646020995911e-1
sec.wave2.7	tau_reion	5.4396553502308065751352020471411563503295806720731e-2
sec.wave2.8	m_pi/m_p	1.4441868531025275862475720376177762272304495828731e-1
sec.wave2.9	N_eff	3.0457134542883607225019959500607986094737271151705
sec.wave3.0	|V_us|	2.2958647909966461588087965856118744869087366566913e-1
sec.wave3.1	|V_cb|	4.1918878807256581646386841050816486689489573953301e-2
sec.wave3.2	sin_theta_C	2.2759115424752143763720152437053542744738722223144e-1
sec.wave3.3	Age_Gyr	1.3787196119245322551026634519018652619017929285995e+1
sec.wave3.4	z_eq	3.3938103104014166527623393316172979703661945005087e+3
sec.wave3.5	theta_star	1.0404759515075440847675129819163220196964077386493e-2
sec.wave3.6	r_star_Mpc	1.4439983003198906365093616044390253573528026104487e+2
sec.wave3.7	Deuteron_binding_MeV	2.2245646484625282718083863693568185711622273152929
sec.wave3.8	Neutron_lifetime_s	8.7859285139228321761513880038042421999854940140168e+2
sec.wave3.9	Ising2D_beta	3.2653240136824638927365578439236064183932648260657e-1
sec.wave3.10	Ising2D_nu	6.2998450626550964406561352754120326953487012899434e-1
sec.wave3.11	Ising2D_gamma	1.2482238717397452369987567675807312544729381212986
sec.wave3.12	m_t/m_W	2.1497659290681641576882354939765250050372141916608
sec.wave3.13	m_H/m_W	1.5508368260064689858468967605500792913092223693201
sec.wave3.14	m_tau/m_e	3.4775054587878312504931998376131859448676413764078e+3
sec.wave4.0	sin2_theta12	3.0696442978890159821638794526296623557818539090790e-1
sec.wave4.1	sin2_theta23	5.4576661098602488402756642707863858956271412013015e-1
sec.wave4.2	sin2_theta13	2.2015158221144121990218042875606712521121366219578e-2
sec.wave4.3	Dm2_21/Dm2_32	2.9517011480286420625802156048133020951597316406690e-2
sec.wave4.4	|V_ub|	3.9212562933861366265244626474511964412323762466771e-3
sec.wave4.5	|V_td|	8.5708009802210686122716195823499403231901238599842e-3
sec.wave4.6	|V_ts|	4.0503304715082249268916633330996305821797158995208e-2
sec.wave4.7	Jarlskog_J	3.0727717866654671423020441208851703184177240541427e-5
sec.wave4.8	Feigenbaum_delta	4.6691979572796082933210788779162070954778643276604
sec.wave4.9	Feigenbaum_alpha	2.5029081532028083616013351990885209390323309297121
sec.wave4.10	r_p_fm	8.4124854096976834119884489375874922384092353934350e-1
sec.wave4.11	m_n-m_p_MeV	1.2933328005542002222748388563474784304539268904792
sec.wave4.12	mu_p_muN	2.7928522162641151065576596069339827960892920532297
sec.wave4.13	w0	-1.0299812921372637610081340372691293883639704751742
sec.wave4.14	m_c/m_b	2.9489607177654833927943975619093222254981518381613e-1
sec.wave4.15	alpha_s_ratio	1.1846883192361886790723621896666571152505964354403e+1
sec.wave5.0	Gamma_Z/M_Z	2.7489782887668835028811359390330443660939669746733e-2
sec.wave5.1	R_ell	2.0778243423498392971726128972497394161011992439958e+1
sec.wave5.2	R_b	2.1623014527680923860495346056785294087827030411861e-1
sec.wave5.3	R_c	1.7210879887231977780054266818791304935324448954826e-1
sec.wave5.4	A_FB_ell	1.7111891993969300149102272359744284326839478281045e-2
sec.wave5.5	A_ell_SLD	1.5118910851310517864776575306689252597646346666872e-1
sec.wave5.6	m_H/m_t	7.2570682016237072555439292297959562082865200844326e-1
sec.wave5.7	BR_H_bb	5.8090353922049986615070046041718292678601220754112e-1
sec.wave5.8	BR_H_WW	2.1520447048200201944471661647530271271228534127014e-1
sec.wave5.9	BR_H_tautau	6.3193755829223720255667168175290432890175426897320e-2
sec.wave5.10	Y_p_He4	2.4478099844975697343740234398109525181911948893639e-1
sec.wave5.11	D_H_ratio	2.5446825859417005789466959122527702682200703668807e-5
sec.wave5.12	Khinchin_K0	2.6854511824053380865252766292965080632032774130168
sec.wave5.13	Glaisher_A	1.2824279243871976652746857507649832592268415573986
sec.wave5.14	Twin_prime_C2	6.6007880638354790363511270361558163110208876314295e-1
sec.wave5.15	Mertens_M	2.6149367665125810623581723792050511417259777999343e-1
sec.wave5.16	Dottie_number	7.3908570244680260190112667635449405366700691615116e-1
sec.wave5.17	Omega_constant	5.6714479257242552496001108270759578974501231801756e-1
sec.wave5.18	Conway_lambda	1.3035789762668334730968398101823400104187123158157
sec.wave5.19	Plastic_number	1.3247224960602280067498822761486058233916441702574
sec.wave5.20	Landau_Ramanujan	7.6423649919795217141367332080664790566670064999079e-1
sec.wave5.21	Laplace_limit	6.6314799573604658551779120213618248615084353228671e-1
sec.wave6.0	zeta_5	1.0369315689419134109650616778260489339238953312714
sec.wave6.1	zeta_7	1.0083510021653365400633770057796216516675322152035
sec.wave6.2	Levy_constant	3.2758207843311129918180023325378885919805637147138
sec.wave6.3	Erdos_Borwein	1.6066604082971279225888070111436390329113448372672
sec.wave6.4	Bernstein	2.8016962153089064196857752587720073121617442048461e-1
sec.wave6.5	Backhouse	1.4560739297341037629838306174264713450279277759493
sec.wave6.6	Viswanath	1.1319893242381361249785259318909384549557535723888
sec.wave6.7	Kepler_Bouwkamp	1.1494080409895218091676596808616683819073865811169e-1
sec.wave6.8	Sphere_packing_3D	7.4047733309494646579551380230422524197966196704183e-1
sec.wave6.9	Gauss_AGM	8.3462785434817262553932382162967748804524624624399e-1
sec.wave6.10	Lemniscate	2.6220982112483137453431789540856600930539697312070
sec.wave6.11	Hashing_bound	1.1002721665641338030233221824176958112453244374910e-1
sec.wave6.12	von_Karman	3.9990834155956795886518521784467216123472000110403e-1
sec.wave6.13	Madelung_NaCl	1.7475649276275782517725981454145198322083120920317
sec.wave6.14	Madelung_CsCl	1.7630782444763662006407613138035157205394599171289
sec.wave6.15	Methane_angle	1.0947055422538989693685510475170020550024675806521e+2
sec.wave6.16	O_N_electronegativity	6.0889051172040493263926900944664321536234936811987e-1
sec.wave6.17	Water_max_density_C	3.9800922032519184917877254265387566287411147940828
sec.wave6.18	Perc_sq_site	5.9206375298528912855914786849883346648675562444559e-1
sec.wave6.19	Polya_3D_return	3.4053410224876522549172724150914184789498661885598e-1
sec.wave6.20	Random_walk_CN	1.1766263199973449925329763887647085179772663965250
sec.wave6.21	Nats_per_bit	1.4426868248704777717360648703828684701983811997539
sec.wave7.0	Apery_zeta3_w7	1.2020593750320426642003630057444389814901052555694
sec.wave7.1	Soldner	1.4513673220832281815379201676989714510536425131391
sec.wave7.2	Mills	1.3063792657184920151794778078866750175596168419010
sec.wave7.3	Sierpinski_const	2.5849761956741547081879816475993056908635775865489
sec.wave7.4	Niven	1.7052168407275836606814855298789996157849613523353
sec.wave7.5	Artin	3.7397399649449402156457291934608202654743104902687e-1
sec.wave7.6	Hafner_Sarnak	6.0793687303359129594295958900781499486855643039290e-1
sec.wave7.7	Porter	1.4670785554317927769537505264216504657440814892489
sec.wave7.8	Thue_Morse	4.1245424725453076820709852899136486233127190030683e-1
sec.wave7.9	MRB	1.8786033788593134701208783659868107515682633253652e-1
sec.wave7.10	Gauss_Kuzmin	3.0365973736615492358495303372230506609541333687034e-1
sec.wave7.11	Universal_parabolic	2.2956598167102418985918523903278400581587609132059
sec.wave7.12	Lieb_square_ice	1.5395407665137580921902513662522040682699217737259
sec.wave7.13	Komornik_Loreti	1.7872317242814627282181261859043408641953868751368
sec.wave7.14	Bloch_Landau	5.4330214780338160562320761414540310112609217345370e-1
sec.wave7.15	Golden_angle_deg	1.3750601880311288628755340953453318889481166833115e+2
sec.wave7.16	Ising3D_eta	3.6408193997131073732982514490816979873290590417718e-2
sec.wave7.17	Ising3D_alpha	1.1004872741790349200166644995595023294030188010739e-1
sec.wave7.18	Ising3D_delta	4.7887467535409366967472009744736185640258908274557
sec.wave7.19	XY_nu	6.7165766880038801924637918956926685424385925761245e-1
sec.wave7.20	XY_eta	3.8140264652900029569190000867827992852744870996298e-2
sec.wave7.21	Heisenberg_nu	7.1116072925127039878973150616682067620088373147857e-1
sec.wave7.22	Heisenberg_eta	3.7980910651284984978670745079350123456327407809866e-2
sec.wave7.23	Perc_honeycomb_site	6.9699074794301946876163095897096042917658955680377e-1
sec.wave7.24	Perc_SC_bond	2.4879007778210539986991172809126560193006335107717e-1
sec.wave7.25	Perc_SC_site	3.1159756759350290606280105079941461440136607311888e-1
sec.wave7.26	m_u/m_d	4.6003115805480832927502387976838087522719721197029e-1
sec.wave7.27	m_s/m_d	2.0196544452100489731136359115111562997661724984520e+1
sec.wave7.28	m_tau/m_mu	1.6816910212024429139521361401940841014962952782948e+1
sec.wave8.0	|V_ud|	9.7370666444462773353467163938017058757786715426192e-1
sec.wave8.1	|V_cd|	2.2100780479132599053781895289495273670593121582783e-1
sec.wave8.2	|V_cs|	9.7491348531315560575208245456176382480876026736817e-1
sec.wave8.3	delta_CP_PMNS	3.8681885363283473748136498985698153679948072285798
sec.wave8.4	m_t/m_b	4.0922412802554148444911954117951979167052463054017e+1
sec.wave8.5	BR_Z_ee	3.3665432647797883580550928586943436256179429863072e-2
sec.wave8.6	BR_Z_had	6.9917503809844358726555047279291386129288080465917e-1
sec.wave8.7	BR_Z_inv	1.9997754112174053715451429592306765270875286916714e-1
sec.wave8.8	BR_H_ZZ	2.6423881395489846542715813765148957792770432551184e-2
sec.wave8.9	BR_H_gg	8.1822749139824777104989208965834443967450377056026e-2
sec.wave8.10	BR_H_cc	2.8925456135151034763469212552199715350682991060892e-2
sec.wave8.11	BR_H_gamgam	2.3160144625922921983559320576364368142215675343758e-3
sec.wave8.12	BR_H_Zgam	1.5258567671942071555447377005763178900167383305902e-3
sec.wave8.13	He4_binding_MeV	2.8300716936569171057616436177919768356707350142690e+1
sec.wave8.14	Triton_binding_MeV	8.4808001626345563286845869339089001381663656919601
sec.wave8.15	Deuteron_mu_muN	8.5739141812803830753899521488931366062601528921388e-1
sec.wave8.16	S_8	8.3201443471342006076969444474269843579897846953416e-1
sec.wave8.17	z_reion	7.6719924223667031124620794574771091440788389235550
sec.wave8.18	XY_beta	3.4858759969634014338024571548816613697391748252307e-1
sec.wave8.19	XY_gamma	1.3177317120795233669695878601687684741930694494444
sec.wave8.20	Heisenberg_beta	3.6913818105016840962102560467133024771316469708270e-1
sec.wave8.21	Heisenberg_gamma	1.3958979234843608685079707029364568363577598078235
sec.wave8.22	Perc_BCC_bond	1.8031542143313228665461530652062652677122793632737e-1
sec.wave8.23	Perc_FCC_site	1.9799805009672064143933383836084892992570178742376e-1
sec.wave8.24	Perc3D_nu	8.7671700581447462933260888353852984378185747075828e-1
sec.wave8.25	Perc3D_beta	4.1841959579497895874869379843789266592726084415142e-1
sec.wave8.26	Perc3D_gamma	1.7938023211994279794409338428200732366790022756882
sec.wave8.27	Brun_B2	1.9022127768114609593982839854783954189666600478385
sec.wave8.28	Copeland_Erdos	2.3570226039551584146694812070161634642827864589616e-1
sec.wave8.29	Erdos_Tenenbaum_Ford	8.6006113748034601983716572405933807386043020013008e-2
sec.wave8.30	Foias_alpha	1.1870688417536371332844946834887893100275520873946
sec.wave8.31	Madelung_ZnS	1.6382543404391959710504996773550015494123592177949
sec.wave8.32	Madelung_CaF2	2.5192500575824007056819534343422802337036870626633
sec.wave8.33	Madelung_TiO2	2.4080278227201681618964841303991331432967453217752
sec.wave8.34	Ice_Ih_density	9.1675879218209310461634215839132108564983367364322e-1
sec.wave8.35	H2O_bond_angle	1.0444054257911620422189865371373699781021301184595e+2
sec.wave8.36	Lorenz_dim	2.0599981387241548523384852264770023354254552546383
sec.wave8.37	Henon_dim	1.2609289528725577933757106083487629427115488284999
sec.wave8.38	Apollonian_dim	1.3055854670008820571155389664106774123656489590182
sec.wave8.39	SAW_mu_sq	2.6377098303377811145159422729872348002262940800309
sec.wave8.40	SAW_nu_3D	5.8752240212249955116781530149177116922785941534527e-1
sec.wave8.41	SAW_gamma_3D	1.1596535661995190946551702903107972857961182820767
sec.wave8.42	Potts3_beta	1.1111111111111111111111111111111111111111111111111e-1
sec.wave8.43	KT_T/J	8.9349141569310024888620711669601539084885902892043e-1
sec.wave8.44	Quark_condensate	2.5000000000000000000000000000000000000000000000000e-1
sec.wave8.45	Figure8_knot_vol	2.0298903885129151237945852042583106991978408195484
sec.wave8.46	Bessel_J0_zero1	2.4047617760747983800106755356017597002007363367536
sec.wave8.47	Airy_Ai_zero1	2.3380710664285525411803937645141066871306578338927
sec.wave8.48	gamma_2_Stieltjes	-9.6863452704842187639499973201174617694583712931861e-3
sec.wave8.49	First_Riemann_zero	1.4134490411330199310771006900698739453899235063472e+1
sec.wave8.50	Spanning_tree_sq	1.1660783561433121262861937108319867655287476324812
sec.wave8.51	Hard_sq_entropy	1.5031151842015721984782041337562410655145020318960
sec.wave9.0	|V_tb|	9.9907651926122876699666266483040112006714438469771e-1
sec.wave9.1	Omega_r	9.1677288797348464721575609987464513730248298153696e-5
sec.wave9.2	O4_nu	7.4889305396194567582795562664779270257278327229866e-1
sec.wave9.3	Gluon_condensate	1.2832866903470669176530876885877566918662582773417e-2
sec.wave9.4	Mandelbrot_boundary	2.0000000000000000000000000000000000000000000000000
sec.wave9.5	Sierpinski_dim	1.5849625007211561814537389439478165087598144076925
sec.wave9.6	gamma1_Stieltjes	-7.2740945070539221077141036529449894260911015029356e-2
sec.wave10.0	m_mu/m_e	2.0676963859712172236490803678368048788358169491564e+2
sec.wave10.1	(g-2)/2_electron	1.1596599648779512703446480680128874402515190521724e-3
sec.wave10.2	Logistic_accum	3.5699551555510997247083381423138439737553364391540
sec.wave10.3	Cahen_constant	6.4337948800772774078523176143958872359421084445974e-1
sec.wave10.4	Reciprocal_Fib	3.3726287987553354944325197575159323564108215237956
sec.wave10.5	Water_triple_K	2.7316914784440299716974061115922343818351523542126e+2
sec.wave10.6	CO2_bond_angle	1.7999866281945954560384752950515656187017033251390e+2
sec.wave10.7	SAW_connective_hex	1.8477586642028332222256559373043657247796111039820
sec.wave10.8	Bessel_J1_zero1	3.8317065212360668369278283227707616502822298631566
sec.wave10.9	eta_baryon_photon	6.1397495354255536358360237423052836032468685289991e-10
sec.lepton_ratios.0	m_tau/m_e_lepton	3.4775131796945303397952758368384163092710942863533e+3
sec.lepton_ratios.1	m_tau/m_mu_lepton	1.6817284993122837368227478512842365194574858115724e+1
sec.lepton_ratios.2	m_mu/m_e_lepton	2.0676828192272685979843764674139023823366400325938e+2
sec.lepton_ratios.3	Chain_consistency_%	6.6730174602601313060031556881158697736830762917462e-3
sec.dynamical_systems.0	Logistic_R_inf	3.5699463190819011358362139441880979805239487498972
sec.dynamical_systems.1	Ising2D_Tc_J	2.2691857371366810759016980340333975616620728209718
sec.dynamical_systems.2	Ising3D_beta_dyn	3.2641897187914057481854507650606830120075301554274e-1
sec.dynamical_systems.3	Ising3D_nu_dyn	6.2997096599232268251280542800430878128308132664951e-1
sec.dynamical_systems.4	Henon_Lyapunov	4.2010876364988794091537199035249421857574511746219e-1
sec.neural_architecture.0	N_Layers	6.0000000000000000000000000000000000000000000000000
sec.neural_architecture.1	N_Lobes	4.0000000000000000000000000000000000000000000000000
sec.neural_architecture.2	N_Columns	2.0000000000000000000000000000000000000000000000000e+1
sec.neural_architecture.3	WM_Capacity	7.0000000000000000000000000000000000000000000000000
sec.neural_architecture.4	N_Attention_Heads	8.0000000000000000000000000000000000000000000000000
sec.neural_architecture.5	N_Drives	9.0000000000000000000000000000000000000000000000000
sec.neural_architecture.6	Binding_Window	9.0000000000000000000000000000000000000000000000000
sec.neural_architecture.7	Seq_Predict_Period	4.0000000000000000000000000000000000000000000000000
sec.neural_architecture.8	Lateral_Inhibition	6.1803398874989484820458683436563811772030917980576e-1
sec.neural_architecture.9	Spike_Threshold	6.1803398874989484820458683436563811772030917980576e-1
sec.neural_architecture.10	Prediction_Gain	8.6525597943226508721777478964608961742874462390851e-1
sec.neural_architecture.11	TD_BU_Ratio	1.6180339887498948482045868343656381177203091798058
sec.neural_architecture.12	Recurrent_Decay	3.6787944117144232159552377016146086744581113103177e-1
sec.neural_architecture.13	Hebbian_LR	1.8373345259830798075928446814375618282725856112128e-1
sec.neural_architecture.14	Consciousness_Threshold	1.1090169943749474241022934171828190588601545899029e+1
sec.neural_architecture.15	Consciousness_Gate	6.1803398874989484820458683436563811772030917980576e-1
sec.neural_architecture.16	Sync_Decay	3.8196601125010515179541316563436188227969082019424e-1
sec.neural_architecture.17	Cross_Modal_Gain	8.6525597943226508721777478964608961742874462390851e-1
sec.neural_architecture.18	Circulant_Spectral_R	6.1803398874989484820458683436563811772030917980576e-1
sec.neural_architecture.19	EEG_1_over_f	1.6180339887498948482045868343656381177203091798058
sec.neural_architecture.20	Layer_1_thickness	4.0450849718747371205114670859140952943007729495144e-1
sec.neural_architecture.21	Layer_2_thickness	2.5000000000000000000000000000000000000000000000000e-1
sec.neural_architecture.22	Layer_3_thickness	1.5450849718747371205114670859140952943007729495144e-1
sec.neural_architecture.23	Layer_4_thickness	9.5491502812526287948853291408590470569922705048559e-2
sec.neural_architecture.24	Layer_5_thickness	5.9016994374947424102293417182819058860154589902881e-2
sec.neural_architecture.25	Layer_6_thickness	3.6474508437578863846559874225771411709768115145678e-2
sec.consciousness_model.0	Metatron_Spheres	1.3000000000000000000000000000000000000000000000000e+1
sec.consciousness_model.1	Metatron_Pathways	2.7000000000000000000000000000000000000000000000000e+1
sec.consciousness_model.2	Consciousness_Gate	6.1803398874989484820458683436563811772030917980576e-1
sec.consciousness_model.3	Resonance_Persistence	8.6525597943226508721777478964608961742874462390851e-1
sec.consciousness_model.4	Resonance_Rate	2.1234577623937842245507726769782102059270547813039e-1
sec.consciousness_model.5	Resonance_Eq_Factor	1.5759198467187909765970077948736891050021855473581
sec.consciousness_model.6	Ignition_Coherence	3.9217349158759441195011223057295382247596075841309e-1
sec.consciousness_model.7	W_Integration	1.6180339887498948482045868343656381177203091798058
sec.consciousness_model.8	W_Complexity	6.1803398874989484820458683436563811772030917980576e-1
sec.consciousness_model.9	W_Binding	8.6525597943226508721777478964608961742874462390851e-1
sec.consciousness_model.10	W_Phase_Sync	6.1803398874989484820458683436563811772030917980576e-1
sec.consciousness_model.11	Hub_coupling	6.1803398874989484820458683436563811772030917980576e-1
sec.consciousness_model.12	Inner_coupling	3.8196601125010515179541316563436188227969082019424e-1
sec.consciousness_model.13	Radial_coupling	8.6525597943226508721777478964608961742874462390851e-1
sec.consciousness_model.14	Outer_coupling	6.1803398874989484820458683436563811772030917980576e-1
sec.consciousness_model.15	Cross_coupling	5.7721566490153286060651209008240243104215933593992e-1
sec.homeostasis.0	Replay_Passes	6.0000000000000000000000000000000000000000000000000
sec.homeostasis.1	Homeostatic_Tau	3.0209273295803468575028496815230390296484022481503
sec.homeostasis.2	Novelty_Threshold	6.1803398874989484820458683436563811772030917980576e-1
sec.homeostasis.3	Consolidation_Rate	1.8373345259830798075928446814375618282725856112128e-1
sec.homeostasis.4	Attention_Inhibition	7.8797848921008588808606276473951084370984721279822e-1
sec.homeostasis.5	Cross_Lobe_Coupling	1.8373345259830798075928446814375618282725856112128e-1
sec.soliton_stdp.0	STDP_Tau_Plus_ms	2.0000000000000000000000000000000000000000000000000e+1
sec.soliton_stdp.1	STDP_Tau_Minus_ms	2.0000000000000000000000000000000000000000000000000e+1
sec.soliton_stdp.2	Soliton_Width	8.6694011150532116005831946095086268193043014936189e-1
sec.soliton_stdp.3	STDP_Learning_Rate	2.6555938644714162373602193944746766183398923740074e-1
sec.soliton_stdp.4	STDP_Asymmetry	1.0469736305875510479944010893274985086379517243744
sec.soliton_stdp.5	Promotion_Threshold	5.3305779307574014001660518676633242685673159325682e-1
sec.soliton_stdp.6	Hebbian_Consolidation	1.8373345259830798075928446814375618282725856112128e-1
sec.soliton_stdp.7	Oja_Learning_Rate	1.8373345259830798075928446814375618282725856112128e-1
sec.soliton_stdp.8	Attention_Error_Gain	8.6525597943226508721777478964608961742874462390851e-1
sec.cross_species.0	S(Human)	9.4127062715630400762934173931928275871225393538202e-1
sec.cross_species.1	Density(Human)	7.6138216363109733281162603259999888856342930591845e+7
sec.cross_species.2	S(Octopus)	9.4127062715630400762934173931928275871225393538202e-1
sec.cross_species.3	Density(Octopus)	5.3119685834727720893834374367441782923029951575706e+7
sec.cross_species.4	S(Corvid)	9.4127062715630400762934173931928275871225393538202e-1
sec.cross_species.5	Density(Corvid)	2.1247874333891088357533749746976713169211980630282e+8
sec.cross_species.6	S(Honeybee)	9.4127062715630400762934173931928275871225393538202e-1
sec.cross_species.7	Density(Honeybee)	1.0198979680267722411616199878548822321221750702536e+6
sec.cross_species.8	S(C_elegans)	9.4127062715630400762934173931928275871225393538202e-1
sec.cross_species.9	Density(C_elegans)	3.2084290244175542751987504158435336536460570774938e+5
sec.trinary.0	Max_Trits	2.7000000000000000000000000000000000000000000000000e+1
sec.trinary.1	Collapse_Threshold	9.1751027120648762265257511123702205529076466246016e-1
sec.predictions.0	CMB_tau	5.3999511279947369641091945686259307817027331499635e-2
sec.predictions.1	Dark_energy_wa	-8.0810977158108103780280610748683837849630412042550e-1
sec.predictions.2	Tau_g-2	1.1882790134920890077923364153571883846654122187696e-3
sec.predictions.3	Cross_Opt_QO	1.0000000000000000000000000000000000000000000000000
sec.predictions.4	Cross_MatSci_CM	1.0131618100027534766384946354270776505858898691963
sec.predictions.5	Cross_Astro_PS	1.0049320942899167943616938862724744287109575082713
sec.chemistry_ionization.0	IE_H	1.3588429893109516170619092854569539876926166784945e+1
sec.chemistry_ionization.1	IE_He	2.4605394873650225745906352026085606208882305871112e+1
sec.chemistry_ionization.2	IE_Li	5.3921039505844482292163347583533905005092079375944
sec.chemistry_ionization.3	IE_Be	9.3239115778853658306771344997147203918099112980356
sec.chemistry_ionization.4	IE_B	8.3044887837654223328059049279451401827145291267663
sec.chemistry_ionization.5	IE_C	1.1258016544324991168519402787567711636770240872788e+1
sec.chemistry_ionization.6	IE_N	1.4514897499871384585678311931340472071636929656421e+1
sec.chemistry_ionization.7	IE_O	1.3437749195392330580873740995343025889385447723260e+1
sec.chemistry_ionization.8	IE_F	1.7418708869264405436118951226937256904428425411684e+1
sec.chemistry_ionization.9	IE_Ne	2.1532796384125365924353813806285602293889856678414e+1
sec.chemistry_ionization.10	IE_Na	5.1371684984919290273972690913978152498371675012992
sec.chemistry_ionization.11	IE_Mg	7.6420804554597704326998232678364251968707747522155
sec.chemistry_ionization.12	IE_Al	5.9875277574009325569313701931353075206057636836915
sec.chemistry_ionization.13	IE_Si	8.1488032048162421735282939030767921865652791466713
sec.chemistry_ionization.14	IE_P	1.0487638389839253467039077834241789253034008587047e+1
sec.chemistry_ionization.15	IE_S	1.0360130217649854394154692890894149915272311368487e+1
sec.chemistry_ionization.16	IE_Cl	1.2984597134749390119586603639320701082777793242873e+1
sec.chemistry_ionization.17	IE_Ar	1.5760123778469741486240665377305847514412072473283e+1
sec.chemistry_ionization.18	IE_K	4.3373891611421274678530531319410038743449771342838
sec.chemistry_ionization.19	IE_Ca	6.1113542640074876191390984681845522151592994735457
sec.chemistry_electronegativity.0	EN_H	2.1993969215248933335664201290944972542990449590100
sec.chemistry_electronegativity.1	EN_Li	9.8004087878770969333585380286963531364577145780835e-1
sec.chemistry_electronegativity.2	EN_Na	9.3018716611645431212561475493754863662410747579961e-1
sec.chemistry_electronegativity.3	EN_C	2.5498573599806235630300237889508202708664668845056
sec.chemistry_electronegativity.4	EN_N	3.0402714699474554670187639200697752452928106247029
sec.chemistry_electronegativity.5	EN_O	3.4393076959100890702500712441794923384509167447446
sec.chemistry_electronegativity.6	EN_F	3.9800922032519184917877254265387566287411147940828
sec.chemistry_electronegativity.7	EN_S	2.5810487307396955153455924886777775214285721432501
sec.chemistry_electronegativity.8	EN_Cl	3.1599082924785274187563614045527441264090814669286
sec.chemistry_electronegativity.9	EN_Br	2.9637204562634739431439687152024783579469113166495
sec.chemistry_bond_lengths.0	BL_H−H	7.4014980116555873520862285842057136071820428612613e-1
sec.chemistry_bond_lengths.1	BL_C−H	1.0896381801030401823453916707559447246112079526823
sec.chemistry_bond_lengths.2	BL_C−C	1.5401391977794488839198329414411937740340982909334
sec.chemistry_bond_lengths.3	BL_C=C	1.3399531339223808947755366453178337389688044821581
sec.chemistry_bond_lengths.4	BL_C≡C	1.1999816148643266611157777533168069265624995055291
sec.chemistry_bond_lengths.5	BL_O−H	9.6022677351449062619012914460427038093795439823666e-1
sec.chemistry_bond_lengths.6	BL_N−H	1.0099883725773517151354067436396379123462146878187
sec.chemistry_bond_lengths.7	BL_C−N	1.4699416523739362631649940492845931368071984369308
sec.chemistry_bond_lengths.8	BL_C−O	1.4296364712785915325704976202996248049255599193758
sec.chemistry_bond_lengths.9	BL_C=O	1.2302331812556886284273157853653136759869657800854
sec.chemistry_bond_energies.0	BE_H−H	4.3491590900168649374003583431935217983796696340043e+2
sec.chemistry_bond_energies.1	BE_C−H	4.1329839789382448122722167154326443074121359676437e+2
sec.chemistry_bond_energies.2	BE_C−C	3.4883064345959088353027691934052740120310916031851e+2
sec.chemistry_bond_energies.3	BE_C=C	6.1300507601373979898635070932876926521214050343189e+2
sec.chemistry_bond_energies.4	BE_C≡C	8.3836009940687964274189082153733264191258645081181e+2
sec.chemistry_bond_energies.5	BE_O−H	4.6263184843295263339808791752383450352531308755410e+2
sec.chemistry_bond_energies.6	BE_N−H	3.9233862354898564836736424637156008901729835145810e+2
sec.chemistry_bond_energies.7	BE_N≡N	9.4578255201172914634308697224774553447059454830322e+2
sec.chemistry_bond_energies.8	BE_O=O	4.9515025120911445859482308029739823018505847612489e+2
sec.chemistry_bond_energies.9	BE_F−F	1.5950332904632607766213851421238047021208921349291e+2
sec.chemistry_molecular.0	BP_H₂O	3.7242251681243530243291086547628688440367460879124e+2
sec.chemistry_molecular.1	BP_NH₃	2.4013753580571478612575196221178169128221516012733e+2
sec.chemistry_molecular.2	BP_CH₄	1.1170632429578239699122827498269049534965725639837e+2
sec.chemistry_molecular.3	BP_C₂H₅OH	3.5093576776714901203753981560226024486221571229990e+2
sec.chemistry_molecular.4	BP_CO₂_sub	1.9413470599823293950400921611436362175207709142722e+2
sec.chemistry_molecular.5	dipole_H₂O	1.8501854659186965757005758730054858226098252730760
sec.chemistry_molecular.6	dipole_NH₃	1.4699416523739362631649940492845931368071984369308
sec.chemistry_molecular.7	dipole_HCl	1.0801237578967653485537422838219293131550847122463
sec.chemistry_molecular.8	pH_water	7.0000000000000000000000000000000000000000000000000
sec.chemistry_molecular.9	pKw_water	1.3988607574825395838927884570308726278902670598023e+1
sec.chemistry_radii.0	R_H	3.0998484282887169083963180591582414495404053865272e-1
sec.chemistry_radii.1	R_C	7.7001308814027628148701922576890306752679137797315e-1
sec.chemistry_radii.2	R_N	7.5000016324547120470464495778469062882859385998634e-1
sec.chemistry_radii.3	R_O	7.2997009810229570800081928506621082256651814844786e-1
sec.chemistry_radii.4	R_F	7.0996003751772800331852402685172259675326398393109e-1
sec.chemistry_radii.5	R_Na	1.5401391977794488839198329414411937740340982909334
sec.chemistry_radii.6	R_Cl	9.8999955577102375695150602986201740163951125479860e-1
sec.chemistry_radii.7	R_Fe	1.2501545475784525266090630642041772502744980487740
summary.total	-	343
summary.pass5	-	342
