#seed_leaves	hub_vendor_sha256=AEB2ADAD6E80F487772C5DF90A2E3DDA71624AB831A6A83B94AB471AC9AAC170	mp_prec=169
alpha_inv	alpha_interface_seed_check.py	2b693dcb32c7a973	C_factor^2 / P_base: interface	1.3703599916594283537863618297797186833697824877867e+2
g_e	electron_g_seed_check.py	d15304ca9da8441e	A_bleed*G_Catalan^2*P_base/P_new: g	2.0023193043609453899765287886820245502659771598402
m_e_kg	electron_mass_seed_check.py	7d864ab570d5018c	mass	9.1093837124487954826780782867115659349796994428413e-31
R_inf	electron_mass_seed_check.py	7d864ab570d5018c	Rydberg rel	1.0973731568155692959245223795404166645237627578546e+7
a_0	electron_mass_seed_check.py	7d864ab570d5018c	Bohr radius rel	5.2917721058606564798214373382673384613805832182778e-11
lambda_C	electron_mass_seed_check.py	7d864ab570d5018c	Compton rel	2.4263102357668495626054867400235785776155645948005e-12
r_e	electron_mass_seed_check.py	7d864ab570d5018c	classical radius rel	2.8179403211351718638864400650789528106340087125706e-15
sigma_T	electron_mass_seed_check.py	7d864ab570d5018c	Thomson rel	6.6524587082366404683798074801999730444942885131664e-29
E_h	electron_mass_seed_check.py	7d864ab570d5018c	Hartree rel	4.3597447222054585972902266810875933268056965193939e-18
mu_B	electron_mass_seed_check.py	7d864ab570d5018c	Bohr magneton rel	9.2740100672154997564168760291139833173795705275882e-24
m_p_over_m_e	proton_mass_seed_check.py	fda4498342dfaf5a	ratio	1.8361526734050069529081527056287012546100199726396e+3
m_p_kg	proton_mass_seed_check.py	fda4498342dfaf5a	mass	1.6726219256684882941399721224229916215973669329243e-27
mu_N	proton_mass_seed_check.py	fda4498342dfaf5a	nuclear_magneton	5.0507837401219725392802523799801518800563324588156e-27
m_n_over_m_p	neutron_mass_seed_check.py	e6d87da85ee49172	delta	1.0013784194871138971364086231471487119265129599641
m_n_kg	neutron_mass_seed_check.py	e6d87da85ee49172	mass	1.6749275003254037107540739656395848879076564085806e-27
G_N	newton_g_seed_check.py	b1aabbf7b3257785	G	6.6743085506283148367405282066148706237544834077867e-11
g_p	proton_g_seed_check.py	06ac75e644b6b6bf	g	5.5856946888714978330195684276800640409959878669696
m_mu_over_m_e	muon_mass_seed_check.py	7bc769e664c318d8	ratio	2.0676828157628935871313621913231988733136709274611e+2
m_mu_kg	muon_mass_seed_check.py	7bc769e664c318d8	mass	1.8835316164420766403929159396338953558273983401655e-28
u_over_m_e	atomic_mass_seed_check.py	68607f0c4684dc23	ratio	1.8228884862580930199906247432949022734440319485568e+3
u_kg	atomic_mass_seed_check.py	68607f0c4684dc23	u	1.6605390686329912502541999764210419668202772230924e-27
M_12C	atomic_mass_seed_check.py	68607f0c4684dc23	molar	1.2000000010544608906655013647035434900070750871621e-2
m_Z_MeV	z_boson_seed_check.py	301e397c87b335bb	z_MeV	9.1187370359448387778343071946386669628359159496135e+4
m_tau_MeV	tau_mass_seed_check.py	917d6f5bf87b1fa7	tau_MeV	1.7770016401823334573681842432747159136004165776922e+3
r_p_fm	proton_radius_seed_check.py	bf2fcdc77f66451d	radius_fm	8.4124854096976834119884489375874922384092353934350e-1
m_pi_pm_MeV	charged_pion_seed_check.py	6b2e5fb5d934bda8	mass	1.3957034107031817486742398073646698494974774937642e+2
m_D_pm_MeV	d_meson_seed_check.py	660b19d2797c8efd	mass	1.8696602588035399231353247987206664457838851504482e+3
m_K_pm_MeV	charged_kaon_seed_check.py	bc54c62147f26f46	mass	4.9368021132210538231609100112322766272170185858797e+2
m_c_over_m_b	charm_bottom_seed_check.py	fe4c31bca5629628	ratio	3.0417844762855876754887301791051485689067421832418e-1
m_W_MeV	w_boson_seed_check.py	508204bc7bb0663b	mass	8.0368751924164825565300864663738804832453821366541e+4
m_W_over_m_Z	w_over_z_seed_check.py	d82671ac271cfb1c	ratio	8.8135836802138257880519347746178776097959149029553e-1
m_pi_over_m_p	pion_proton_seed_check.py	cc3065416a7320b1	ratio	1.4875252356579934796269396557112410879822173585563e-1
mu_p_over_mu_N	proton_moment_seed_check.py	3a4d7520b96f4ca8	moment	2.7928473444357489165097842138400320204979939334848
m_n_minus_m_p_MeV	neutron_proton_diff_seed_check.py	94af531d7a24abb4	difference	1.2933325320653080174077026013329591815816484111980
m_H_MeV	higgs_mass_seed_check.py	fcc3e3f93656b859	base_MeV	1.2515809774433902495425359792649964024753464494939e+5
m_t_over_m_W	top_w_seed_check.py	ef3d8ec8a8eba5c4	ratio	2.1497659290681641576882354939765250050372141916608
sin2_theta_W_MSbar	weak_mixing_seed_check.py	4aa3bcf0e3ae83d5	value	2.3127528050238727125729247223965236723064474385368e-1
m_tau_over_m_e	tau_electron_seed_check.py	0856ff8a04400ba5	ratio	3.4775054587878312504931998376131859448676413764078e+3
dm2_32	atmospheric_neutrino_seed_check.py	bedcf9b8a3678061	atm	2.4440595796881441525737560990138552596665561832881e-3
B_He4_MeV	helium4_binding_seed_check.py	e92c605d3d93c0f8	leaf_vs_rounded	2.8295662378597506765658549327537115525772082174169e+1
B_H3_MeV	triton_binding_seed_check.py	417af2f1549d1e60	leaf_vs_rounded	8.4817963163138832882767744511216241941307934048266
CKM_V_ud	ckm_magnitude_seed_check.py	aa8ce1d444cc5eed	V_ud	9.7432421968750990000000000000000000000000000000000e-1
CKM_V_us	ckm_magnitude_seed_check.py	aa8ce1d444cc5eed	V_us	2.2514953904088916000000000000000000000000000000000e-1
CKM_V_ub	ckm_magnitude_seed_check.py	aa8ce1d444cc5eed	V_ub	3.7419934725333314000000000000000000000000000000000e-3
CKM_V_cd	ckm_magnitude_seed_check.py	aa8ce1d444cc5eed	V_cd	2.2514953904088916000000000000000000000000000000000e-1
CKM_V_cs	ckm_magnitude_seed_check.py	aa8ce1d444cc5eed	V_cs	9.7342312722171980000000000000000000000000000000000e-1
CKM_V_cb	ckm_magnitude_seed_check.py	aa8ce1d444cc5eed	V_cb	4.1893919123934640000000000000000000000000000000000e-2
CKM_V_td	ckm_magnitude_seed_check.py	aa8ce1d444cc5eed	V_td	8.6013655784844020000000000000000000000000000000000e-3
CKM_V_ts	ckm_magnitude_seed_check.py	aa8ce1d444cc5eed	V_ts	4.1169687538070280000000000000000000000000000000000e-2
CKM_V_tb	ckm_magnitude_seed_check.py	aa8ce1d444cc5eed	V_tb	9.9912244977021860000000000000000000000000000000000e-1
